"Time","A. oct133SNM_A6","A. oct133SNM_B6","A. oct133SNM_C6","A. oct133SNM_D6","A. oct133SNM_E6","A. oct133SNM_F6","A. oct133SNM_G6","A. oct133SNM_H6","A. oct211SNM_A7","A. oct211SNM_B7","A. oct211SNM_C7","A. oct211SNM_D7","A. oct211SNM_E7","A. oct211SNM_F7","A. oct211SNM_G7","A. oct211SNM_H7","A. oct259SNM_A8","A. oct259SNM_B8","A. oct259SNM_C8","A. oct259SNM_D8","A. oct259SNM_E8","A. oct259SNM_F8","A. oct259SNM_G8","A. oct259SNM_H8","C. acn33_SNM_A6","C. acn33_SNM_B6","C. acn33_SNM_C6","C. acn33_SNM_D6","C. acn33_SNM_E6","C. acn33_SNM_F6","C. acn33_SNM_G6","C. acn33_SNM_H6","C. acn86_SNM_A7","C. acn86_SNM_B7","C. acn86_SNM_C7","C. acn86_SNM_D7","C. acn86_SNM_E7","C. acn86_SNM_F7","C. acn86_SNM_G7","C. acn86_SNM_H7","C. acnes149_SNM_A8","C. acnes149_SNM_B8","C. acnes149_SNM_C8","C. acnes149_SNM_D8","C. acnes149_SNM_E8","C. acnes149_SNM_F8","C. acnes149_SNM_G8","C. acnes149_SNM_H8","C. avi32SNM_A9","C. avi32SNM_B9","C. avi32SNM_C9","C. avi32SNM_D9","C. avi32SNM_E9","C. avi32SNM_F9","C. avi32SNM_G9","C. avi32SNM_H9","C. avi181SNM_A10","C. avi181SNM_B10","C. avi181SNM_C10","C. avi181SNM_D10","C. avi181SNM_E10","C. avi181SNM_F10","C. avi181SNM_G10","C. avi181SNM_H10","C. avi208SNM_A11","C. avi208SNM_B11","C. avi208SNM_C11","C. avi208SNM_D11","C. avi208SNM_E11","C. avi208SNM_F11","C. avi208SNM_G11","C. avi208SNM_H11"
0.00888888888888889,0.059375,0.058375,0.060375,0.058375,0.058375,0.059375,0.058375,0.059375,0.082375,0.082375,0.082375,0.082375,0.082375,0.082375,0.081375,0.080375,0.066375,0.067375,0.066375,0.066375,0.068375,0.066375,0.066375,0.066375,0.071125,0.064125,0.060125,0.054125,0.048125,0.047125,0.037125,0.006125,0.053125,0.053125,0.054125,0.051125,0.053125,0.055125,0.054125,0.054125,0.054125,0.050125,0.050125,0.050125,0.050125,0.049125,0.051125,0.050125,0.052375,0.066375,0.053375,0.052375,0.051375,0.051375,0.050375,0.052375,0.059375,0.058375,0.059375,0.060375,0.060375,0.065375,0.062375,0.060375,0.066375,0.066375,0.065375,0.066375,0.065375,0.065375,0.066375,0.065375
0.508888888888889,0.05875,0.05875,0.05975,0.05875,0.05875,0.05975,0.05875,0.05975,0.08475,0.08475,0.08475,0.08575,0.08475,0.08475,0.08375,0.08175,0.06775,0.06675,0.06775,0.06775,0.06775,0.06775,0.06675,0.06675,0.07125,0.06725,0.06025,0.05525,0.04925,0.04725,0.03825,0.00724999999999999,0.05425,0.05525,0.05425,0.05525,0.05425,0.05525,0.05625,0.05525,0.05725,0.05125,0.05125,0.05025,0.05125,0.05025,0.05125,0.05125,0.05575,0.10775,0.05675,0.05575,0.05575,0.05575,0.05475,0.05575,0.06175,0.05975,0.06075,0.06175,0.06175,0.06775,0.06475,0.06275,0.07175,0.07275,0.07175,0.07175,0.07075,0.07175,0.07275,0.07275
1.00888888888889,0.061,0.061,0.062,0.061,0.061,0.061,0.059,0.061,0.088,0.09,0.09,0.089,0.089,0.087,0.087,0.086,0.069,0.07,0.07,0.069,0.07,0.069,0.068,0.069,0.073375,0.073375,0.061375,0.055375,0.050375,0.048375,0.039375,0.00737499999999999,0.056375,0.057375,0.056375,0.056375,0.055375,0.056375,0.057375,0.055375,0.058375,0.053375,0.053375,0.052375,0.051375,0.051375,0.052375,0.053375,0.066,0.157,0.064,0.063,0.064,0.062,0.063,0.065,0.068,0.066,0.067,0.068,0.068,0.074,0.072,0.07,0.079,0.083,0.078,0.08,0.079,0.08,0.08,0.08
1.50888888888889,0.061125,0.061125,0.063125,0.061125,0.060125,0.062125,0.061125,0.062125,0.092125,0.093125,0.092125,0.092125,0.092125,0.090125,0.090125,0.089125,0.069125,0.071125,0.070125,0.068125,0.069125,0.068125,0.070125,0.069125,0.075625,0.077625,0.061625,0.054625,0.049625,0.049625,0.039625,0.00762499999999999,0.056625,0.055625,0.057625,0.056625,0.055625,0.057625,0.058625,0.056625,0.059625,0.054625,0.054625,0.053625,0.053625,0.052625,0.053625,0.053625,0.072125,0.184125,0.071125,0.070125,0.072125,0.066125,0.067125,0.071125,0.076125,0.074125,0.074125,0.076125,0.075125,0.080125,0.079125,0.077125,0.086125,0.091125,0.085125,0.086125,0.085125,0.086125,0.087125,0.085125
2.00888888888889,0.063,0.061,0.064,0.062,0.061,0.062,0.062,0.06,0.093,0.095,0.093,0.093,0.092,0.092,0.091,0.09,0.071,0.071,0.071,0.069,0.069,0.071,0.07,0.071,0.07475,0.08075,0.06175,0.05675,0.04975,0.04975,0.03975,0.00774999999999999,0.05575,0.05675,0.05775,0.05675,0.05675,0.05775,0.05875,0.05875,0.06075,0.05475,0.05575,0.05475,0.05375,0.05375,0.05475,0.05575,0.078,0.212,0.077,0.077,0.079,0.078,0.075,0.077,0.083,0.08,0.081,0.082,0.082,0.086,0.085,0.083,0.091,0.099,0.091,0.092,0.091,0.091,0.091,0.09
2.50888888888889,0.063125,0.062125,0.063125,0.062125,0.061125,0.063125,0.062125,0.061125,0.092125,0.094125,0.092125,0.093125,0.091125,0.091125,0.090125,0.090125,0.072125,0.071125,0.072125,0.070125,0.071125,0.071125,0.070125,0.071125,0.076875,0.085875,0.062875,0.058875,0.050875,0.049875,0.040875,0.00787499999999999,0.056875,0.056875,0.056875,0.057875,0.058875,0.058875,0.058875,0.058875,0.060875,0.054875,0.055875,0.054875,0.054875,0.053875,0.054875,0.056875,0.084125,0.234125,0.084125,0.083125,0.078125,0.081125,0.079125,0.084125,0.088125,0.086125,0.087125,0.088125,0.088125,0.092125,0.091125,0.089125,0.096125,0.105125,0.095125,0.096125,0.096125,0.096125,0.097125,0.095125
3.00888888888889,0.063,0.062,0.063,0.062,0.061,0.063,0.063,0.062,0.091,0.091,0.091,0.092,0.091,0.09,0.09,0.088,0.072,0.072,0.072,0.071,0.072,0.072,0.07,0.071,0.076375,0.086375,0.062375,0.058375,0.050375,0.050375,0.040375,0.00737499999999999,0.057375,0.056375,0.056375,0.058375,0.057375,0.058375,0.059375,0.058375,0.061375,0.054375,0.056375,0.055375,0.055375,0.055375,0.054375,0.057375,0.088,0.252,0.087,0.088,0.083,0.087,0.083,0.09,0.093,0.091,0.092,0.093,0.093,0.097,0.096,0.093,0.099,0.11,0.1,0.101,0.1,0.101,0.101,0.1
3.50888888888889,0.063,0.062,0.064,0.062,0.061,0.063,0.062,0.062,0.089,0.089,0.089,0.091,0.089,0.089,0.088,0.086,0.071,0.072,0.072,0.071,0.072,0.072,0.07,0.071,0.077375,0.089375,0.062375,0.058375,0.050375,0.050375,0.039375,0.00737499999999999,0.057375,0.056375,0.057375,0.058375,0.057375,0.058375,0.060375,0.058375,0.061375,0.055375,0.056375,0.056375,0.056375,0.054375,0.055375,0.057375,0.091,0.267,0.09,0.093,0.092,0.091,0.087,0.094,0.097,0.095,0.096,0.097,0.097,0.101,0.099,0.097,0.103,0.115,0.103,0.105,0.103,0.104,0.104,0.103
4.00888888888889,0.064,0.062,0.064,0.063,0.061,0.063,0.061,0.063,0.087,0.087,0.087,0.09,0.088,0.087,0.085,0.085,0.072,0.072,0.073,0.072,0.072,0.072,0.07,0.072,0.076375,0.090375,0.062375,0.058375,0.051375,0.050375,0.040375,0.00837499999999999,0.057375,0.056375,0.057375,0.059375,0.058375,0.059375,0.059375,0.057375,0.061375,0.055375,0.056375,0.057375,0.056375,0.055375,0.054375,0.057375,0.094,0.279,0.094,0.094,0.096,0.096,0.091,0.097,0.101,0.099,0.1,0.1,0.101,0.105,0.103,0.101,0.108,0.119,0.108,0.108,0.108,0.107,0.108,0.106
4.50888888888889,0.063,0.062,0.064,0.063,0.061,0.062,0.06,0.063,0.085,0.084,0.085,0.087,0.085,0.085,0.082,0.083,0.072,0.072,0.073,0.071,0.073,0.072,0.07,0.072,0.076375,0.092375,0.062375,0.058375,0.051375,0.051375,0.040375,0.010375,0.056375,0.056375,0.057375,0.058375,0.057375,0.058375,0.058375,0.058375,0.061375,0.055375,0.056375,0.055375,0.056375,0.056375,0.055375,0.057375,0.097,0.285,0.097,0.096,0.098,0.098,0.095,0.099,0.104,0.102,0.103,0.102,0.104,0.109,0.106,0.105,0.11,0.123,0.111,0.111,0.11,0.11,0.111,0.109
5.00888888888889,0.062125,0.061125,0.065125,0.062125,0.061125,0.062125,0.060125,0.062125,0.084125,0.083125,0.084125,0.085125,0.083125,0.083125,0.080125,0.081125,0.072125,0.071125,0.073125,0.072125,0.072125,0.072125,0.070125,0.072125,0.076625,0.094625,0.062625,0.057625,0.050625,0.050625,0.039625,0.009625,0.056625,0.056625,0.057625,0.058625,0.058625,0.058625,0.060625,0.057625,0.061625,0.055625,0.056625,0.055625,0.056625,0.056625,0.056625,0.059625,0.099125,0.294125,0.100125,0.100125,0.102125,0.101125,0.097125,0.101125,0.107125,0.104125,0.106125,0.106125,0.107125,0.111125,0.108125,0.106125,0.114125,0.125125,0.113125,0.114125,0.114125,0.114125,0.114125,0.112125
5.50888888888889,0.062125,0.061125,0.064125,0.063125,0.061125,0.062125,0.060125,0.062125,0.082125,0.081125,0.082125,0.083125,0.082125,0.081125,0.079125,0.080125,0.072125,0.071125,0.073125,0.072125,0.073125,0.072125,0.070125,0.072125,0.07575,0.09475,0.06275,0.05775,0.05175,0.05075,0.03975,0.00975,0.05675,0.05775,0.05775,0.05975,0.05875,0.05975,0.06075,0.05975,0.06175,0.05675,0.05775,0.05675,0.05775,0.05775,0.05675,0.06075,0.102125,0.300125,0.103125,0.101125,0.104125,0.102125,0.100125,0.104125,0.109125,0.107125,0.109125,0.109125,0.110125,0.114125,0.112125,0.110125,0.117125,0.129125,0.117125,0.117125,0.116125,0.117125,0.117125,0.116125
6.00888888888889,0.062125,0.061125,0.064125,0.063125,0.060125,0.062125,0.060125,0.061125,0.081125,0.079125,0.081125,0.082125,0.081125,0.079125,0.078125,0.078125,0.072125,0.071125,0.073125,0.072125,0.073125,0.072125,0.070125,0.072125,0.07575,0.09575,0.06175,0.05775,0.05075,0.05075,0.03975,0.00975,0.05575,0.05775,0.05775,0.05975,0.05775,0.05875,0.06075,0.05875,0.06175,0.05675,0.05875,0.05875,0.05875,0.05775,0.05775,0.06075,0.103125,0.304125,0.106125,0.105125,0.106125,0.104125,0.103125,0.107125,0.112125,0.109125,0.111125,0.112125,0.112125,0.117125,0.114125,0.113125,0.120125,0.131125,0.120125,0.121125,0.120125,0.120125,0.121125,0.118125
6.50888888888889,0.062125,0.060125,0.064125,0.063125,0.060125,0.062125,0.060125,0.061125,0.079125,0.078125,0.080125,0.081125,0.079125,0.079125,0.076125,0.076125,0.072125,0.071125,0.073125,0.072125,0.073125,0.072125,0.070125,0.072125,0.076125,0.098125,0.063125,0.058125,0.051125,0.051125,0.039125,0.00812499999999999,0.056125,0.057125,0.058125,0.060125,0.058125,0.059125,0.061125,0.059125,0.062125,0.057125,0.058125,0.059125,0.058125,0.057125,0.057125,0.062125,0.106125,0.308125,0.108125,0.107125,0.109125,0.106125,0.105125,0.109125,0.114125,0.112125,0.113125,0.115125,0.114125,0.119125,0.117125,0.115125,0.122125,0.135125,0.123125,0.124125,0.124125,0.123125,0.124125,0.121125
7.00888888888889,0.062125,0.060125,0.064125,0.063125,0.060125,0.062125,0.060125,0.061125,0.078125,0.077125,0.079125,0.080125,0.078125,0.078125,0.076125,0.076125,0.072125,0.071125,0.073125,0.072125,0.073125,0.072125,0.070125,0.072125,0.076,0.097,0.062,0.058,0.051,0.05,0.04,0.00799999999999999,0.056,0.057,0.058,0.06,0.058,0.059,0.062,0.058,0.063,0.057,0.058,0.058,0.058,0.058,0.058,0.062,0.108125,0.311125,0.110125,0.108125,0.112125,0.107125,0.108125,0.112125,0.116125,0.114125,0.116125,0.117125,0.118125,0.122125,0.119125,0.118125,0.125125,0.138125,0.126125,0.127125,0.127125,0.126125,0.126125,0.124125
7.50888888888889,0.06225,0.06025,0.06425,0.06325,0.06025,0.06225,0.06025,0.06125,0.07725,0.07625,0.07825,0.07925,0.07725,0.07625,0.07525,0.07525,0.07225,0.07125,0.07325,0.07225,0.07325,0.07225,0.07025,0.07225,0.076125,0.097125,0.062125,0.058125,0.052125,0.051125,0.040125,0.00812499999999999,0.056125,0.057125,0.057125,0.060125,0.058125,0.059125,0.062125,0.059125,0.062125,0.057125,0.058125,0.058125,0.059125,0.058125,0.059125,0.062125,0.11025,0.31025,0.11225,0.11025,0.11425,0.11125,0.11025,0.11425,0.11925,0.11625,0.11925,0.11925,0.12025,0.12525,0.12225,0.12125,0.12825,0.14225,0.12925,0.12925,0.13025,0.12925,0.13025,0.12525
8.00888888888889,0.062125,0.060125,0.064125,0.063125,0.060125,0.062125,0.060125,0.061125,0.076125,0.076125,0.077125,0.078125,0.077125,0.076125,0.074125,0.075125,0.072125,0.071125,0.073125,0.072125,0.072125,0.072125,0.070125,0.072125,0.075875,0.096875,0.061875,0.057875,0.051875,0.050875,0.039875,0.00787499999999999,0.055875,0.056875,0.056875,0.059875,0.058875,0.058875,0.061875,0.058875,0.061875,0.056875,0.057875,0.058875,0.057875,0.058875,0.058875,0.060875,0.112125,0.311125,0.114125,0.113125,0.116125,0.114125,0.112125,0.116125,0.121125,0.119125,0.121125,0.122125,0.123125,0.128125,0.124125,0.123125,0.131125,0.144125,0.132125,0.132125,0.134125,0.132125,0.133125,0.130125
8.50888888888889,0.06125,0.06025,0.06425,0.06225,0.06125,0.06225,0.06025,0.06125,0.07525,0.07525,0.07625,0.07725,0.07625,0.07525,0.07325,0.07325,0.07225,0.07125,0.07225,0.07225,0.07225,0.07225,0.07025,0.07225,0.075,0.098,0.061,0.058,0.052,0.051,0.04,0.00799999999999999,0.056,0.058,0.057,0.06,0.059,0.059,0.063,0.06,0.062,0.057,0.058,0.059,0.059,0.059,0.059,0.063,0.11425,0.30825,0.11525,0.11525,0.11725,0.11625,0.11425,0.11825,0.12325,0.11925,0.12225,0.12425,0.12425,0.12925,0.12625,0.12625,0.13325,0.14725,0.13425,0.13525,0.13525,0.13625,0.13525,0.13225
9.00888888888889,0.062125,0.060125,0.065125,0.062125,0.061125,0.062125,0.060125,0.061125,0.075125,0.074125,0.075125,0.077125,0.075125,0.075125,0.073125,0.072125,0.072125,0.071125,0.073125,0.072125,0.072125,0.072125,0.070125,0.072125,0.075,0.097,0.061,0.058,0.052,0.051,0.04,0.00799999999999999,0.056,0.058,0.058,0.061,0.059,0.06,0.063,0.06,0.062,0.057,0.058,0.059,0.059,0.059,0.06,0.063,0.115125,0.310125,0.118125,0.119125,0.120125,0.118125,0.116125,0.120125,0.124125,0.121125,0.124125,0.124125,0.125125,0.131125,0.128125,0.127125,0.135125,0.148125,0.137125,0.138125,0.137125,0.138125,0.138125,0.135125
9.50888888888889,0.06125,0.06025,0.06425,0.06225,0.05925,0.06225,0.06025,0.06125,0.07425,0.07425,0.07425,0.07625,0.07525,0.07425,0.07225,0.07225,0.07225,0.07125,0.07325,0.07225,0.07225,0.07225,0.07025,0.07225,0.075125,0.097125,0.061125,0.057125,0.052125,0.051125,0.040125,0.00812499999999999,0.056125,0.058125,0.057125,0.061125,0.059125,0.059125,0.064125,0.060125,0.062125,0.057125,0.058125,0.059125,0.059125,0.059125,0.059125,0.064125,0.11825,0.30525,0.12025,0.12025,0.12225,0.12125,0.11825,0.12225,0.12625,0.12325,0.12625,0.12725,0.12825,0.13425,0.13025,0.12925,0.13825,0.15025,0.13925,0.14025,0.14125,0.14025,0.14125,0.13825
10.0088888888889,0.06125,0.06025,0.06425,0.06225,0.05925,0.06125,0.06025,0.06025,0.07325,0.07325,0.07425,0.07625,0.07425,0.07325,0.07225,0.07125,0.07225,0.07125,0.07325,0.07225,0.07225,0.07225,0.07025,0.07225,0.074,0.098,0.061,0.057,0.051,0.051,0.04,0.00799999999999999,0.055,0.058,0.057,0.06,0.059,0.059,0.064,0.059,0.062,0.057,0.058,0.059,0.059,0.059,0.06,0.065,0.12025,0.30425,0.12125,0.12225,0.12525,0.12325,0.12025,0.12425,0.12825,0.12525,0.12825,0.13025,0.13125,0.13625,0.13325,0.13125,0.14025,0.15225,0.14225,0.14325,0.14325,0.14225,0.14425,0.14025
10.5088888888889,0.06125,0.05925,0.06425,0.06225,0.05925,0.06125,0.06025,0.06025,0.07325,0.07325,0.07425,0.07525,0.07425,0.07325,0.07125,0.07125,0.07225,0.07125,0.07325,0.07225,0.07225,0.07225,0.07025,0.07125,0.073125,0.098125,0.062125,0.057125,0.051125,0.051125,0.039125,0.00812499999999999,0.055125,0.057125,0.057125,0.061125,0.059125,0.059125,0.064125,0.060125,0.062125,0.057125,0.058125,0.059125,0.059125,0.059125,0.060125,0.064125,0.12125,0.29925,0.12325,0.12425,0.12725,0.12525,0.12325,0.12525,0.12925,0.12725,0.13025,0.13225,0.13325,0.13825,0.13425,0.13225,0.14225,0.15325,0.14325,0.14625,0.14525,0.14525,0.14525,0.14225
11.0088888888889,0.06025,0.05925,0.06425,0.06225,0.05925,0.06125,0.05925,0.06025,0.07225,0.07225,0.07325,0.07425,0.07325,0.07225,0.07125,0.07025,0.07125,0.07125,0.07225,0.07125,0.07125,0.07125,0.06925,0.07125,0.072875,0.098875,0.061875,0.056875,0.050875,0.050875,0.038875,0.00787499999999999,0.054875,0.056875,0.057875,0.059875,0.058875,0.058875,0.063875,0.059875,0.061875,0.056875,0.057875,0.058875,0.058875,0.059875,0.059875,0.063875,0.12225,0.29525,0.12325,0.12525,0.12825,0.12625,0.12425,0.12725,0.13125,0.12725,0.13125,0.13225,0.13425,0.14025,0.13625,0.13425,0.14325,0.15425,0.14525,0.14725,0.14725,0.14725,0.14725,0.14225
11.5088888888889,0.06025,0.05925,0.06425,0.06225,0.05925,0.06125,0.05925,0.05925,0.07225,0.07325,0.07225,0.07425,0.07325,0.07225,0.07125,0.07025,0.07125,0.07125,0.07225,0.07125,0.07225,0.07225,0.06925,0.07125,0.073125,0.097125,0.062125,0.057125,0.051125,0.051125,0.039125,0.00812499999999999,0.055125,0.058125,0.057125,0.060125,0.059125,0.059125,0.064125,0.060125,0.062125,0.056125,0.058125,0.059125,0.059125,0.060125,0.060125,0.065125,0.12425,0.29125,0.12625,0.12825,0.13025,0.12825,0.12625,0.12825,0.13225,0.12825,0.13225,0.13425,0.13625,0.14125,0.13825,0.13425,0.14525,0.15525,0.14725,0.14925,0.14925,0.14825,0.15025,0.14525
12.0088888888889,0.06125,0.05925,0.06425,0.06225,0.05925,0.06125,0.05925,0.05925,0.07125,0.07125,0.07225,0.07425,0.07325,0.07225,0.07125,0.06925,0.07125,0.07025,0.07225,0.07125,0.07125,0.07225,0.06925,0.07025,0.072125,0.097125,0.061125,0.057125,0.051125,0.051125,0.039125,0.00812499999999999,0.055125,0.057125,0.057125,0.060125,0.059125,0.059125,0.065125,0.060125,0.062125,0.056125,0.058125,0.059125,0.060125,0.060125,0.060125,0.066125,0.12525,0.28825,0.12825,0.12925,0.13225,0.13025,0.12825,0.12925,0.13425,0.13025,0.13425,0.13725,0.13825,0.14525,0.14125,0.13625,0.14625,0.15725,0.14925,0.15025,0.15125,0.15025,0.15125,0.14725
12.5088888888889,0.06025,0.05925,0.06325,0.06225,0.05925,0.06125,0.05925,0.05925,0.07025,0.07125,0.07225,0.07325,0.07225,0.07125,0.07125,0.06925,0.07025,0.07025,0.07225,0.07025,0.07125,0.07125,0.06825,0.07025,0.07175,0.09675,0.06075,0.05675,0.05075,0.05075,0.03875,0.00774999999999999,0.05475,0.05775,0.05675,0.05975,0.05875,0.05875,0.06475,0.05975,0.06175,0.05575,0.05775,0.05875,0.05975,0.05975,0.06075,0.06475,0.12625,0.28325,0.12925,0.13125,0.13425,0.13325,0.12925,0.13125,0.13525,0.13125,0.13525,0.13925,0.14025,0.14725,0.14025,0.13825,0.14725,0.15725,0.15025,0.15225,0.15325,0.15225,0.15325,0.14925
13.0088888888889,0.05925,0.05825,0.06325,0.06125,0.05825,0.06025,0.05925,0.05925,0.07025,0.07025,0.07225,0.07325,0.07225,0.07125,0.07025,0.06925,0.07025,0.06925,0.07125,0.07025,0.07125,0.07125,0.06825,0.07025,0.071875,0.096875,0.060875,0.056875,0.050875,0.050875,0.038875,0.00787499999999999,0.054875,0.057875,0.056875,0.059875,0.058875,0.058875,0.064875,0.059875,0.061875,0.055875,0.057875,0.058875,0.059875,0.059875,0.060875,0.065875,0.12725,0.27825,0.13125,0.13225,0.13525,0.13525,0.13125,0.13225,0.13725,0.13325,0.13625,0.14025,0.14225,0.14825,0.14325,0.14025,0.14925,0.15825,0.15225,0.15425,0.15425,0.15325,0.15525,0.14925
13.5088888888889,0.05925,0.05825,0.06325,0.06125,0.05825,0.06025,0.05925,0.05825,0.06925,0.07025,0.07125,0.07225,0.07225,0.07125,0.07025,0.06825,0.06925,0.06925,0.07125,0.07025,0.07125,0.07125,0.06825,0.07025,0.0715,0.0965,0.0605,0.0565,0.0505,0.0505,0.0385,0.00749999999999999,0.0535,0.0565,0.0565,0.0595,0.0585,0.0585,0.0645,0.0595,0.0615,0.0555,0.0575,0.0585,0.0595,0.0595,0.0605,0.0645,0.12925,0.27225,0.13225,0.13425,0.13625,0.13625,0.13225,0.13425,0.13725,0.13425,0.13725,0.14025,0.14325,0.14925,0.14525,0.14225,0.14925,0.15725,0.15225,0.15525,0.15625,0.15525,0.15625,0.14925
14.0088888888889,0.059125,0.057125,0.063125,0.060125,0.058125,0.060125,0.059125,0.058125,0.069125,0.070125,0.071125,0.072125,0.071125,0.070125,0.069125,0.068125,0.069125,0.068125,0.070125,0.070125,0.070125,0.071125,0.068125,0.069125,0.071625,0.095625,0.060625,0.056625,0.050625,0.050625,0.038625,0.00762499999999999,0.053625,0.056625,0.056625,0.060625,0.058625,0.057625,0.065625,0.060625,0.060625,0.055625,0.057625,0.058625,0.059625,0.059625,0.060625,0.065625,0.130125,0.267125,0.132125,0.135125,0.138125,0.138125,0.133125,0.136125,0.139125,0.133125,0.138125,0.141125,0.144125,0.151125,0.146125,0.142125,0.150125,0.158125,0.153125,0.156125,0.156125,0.155125,0.157125,0.151125
14.5088888888889,0.05925,0.05725,0.06325,0.06125,0.05825,0.06025,0.05825,0.05725,0.06825,0.07025,0.07025,0.07225,0.07125,0.07025,0.06925,0.06725,0.06925,0.06825,0.07025,0.06925,0.07025,0.07125,0.06725,0.06925,0.071125,0.097125,0.060125,0.057125,0.051125,0.051125,0.039125,0.00812499999999999,0.054125,0.057125,0.057125,0.060125,0.059125,0.058125,0.065125,0.060125,0.061125,0.056125,0.058125,0.059125,0.060125,0.060125,0.062125,0.066125,0.13225,0.26225,0.13425,0.13725,0.13925,0.13925,0.13525,0.13625,0.13925,0.13525,0.14025,0.14425,0.14625,0.15225,0.14825,0.14425,0.15125,0.15825,0.15425,0.15725,0.15925,0.15725,0.15925,0.15325
15.0088888888889,0.05825,0.05725,0.06225,0.06025,0.05825,0.06025,0.05825,0.05825,0.06825,0.06825,0.06925,0.07125,0.07125,0.07025,0.06925,0.06725,0.06825,0.06725,0.06925,0.06925,0.07025,0.07025,0.06725,0.06825,0.070625,0.095625,0.060625,0.056625,0.050625,0.050625,0.038625,0.00762499999999999,0.053625,0.056625,0.056625,0.059625,0.058625,0.057625,0.064625,0.059625,0.060625,0.055625,0.057625,0.058625,0.059625,0.059625,0.060625,0.065625,0.13325,0.25625,0.13525,0.13825,0.14125,0.14125,0.13725,0.13825,0.14025,0.13625,0.14125,0.14525,0.14725,0.15525,0.15025,0.14525,0.15125,0.15825,0.15625,0.15825,0.16025,0.15825,0.16025,0.15325
15.5088888888889,0.058125,0.057125,0.062125,0.060125,0.057125,0.059125,0.058125,0.057125,0.067125,0.068125,0.069125,0.071125,0.071125,0.069125,0.068125,0.067125,0.068125,0.067125,0.069125,0.068125,0.069125,0.070125,0.067125,0.068125,0.071,0.096,0.061,0.057,0.051,0.051,0.039,0.00799999999999999,0.054,0.057,0.056,0.06,0.059,0.058,0.066,0.061,0.061,0.056,0.058,0.059,0.06,0.06,0.062,0.067,0.133125,0.249125,0.136125,0.139125,0.142125,0.142125,0.138125,0.139125,0.142125,0.137125,0.142125,0.146125,0.149125,0.156125,0.151125,0.147125,0.152125,0.157125,0.155125,0.159125,0.161125,0.159125,0.161125,0.154125
16.0088888888889,0.057,0.057,0.062,0.06,0.057,0.059,0.058,0.057,0.067,0.068,0.069,0.07,0.07,0.069,0.068,0.067,0.067,0.067,0.068,0.068,0.069,0.07,0.066,0.068,0.07075,0.09575,0.05975,0.05675,0.05075,0.05075,0.03875,0.00774999999999999,0.05375,0.05675,0.05675,0.05975,0.05875,0.05775,0.06575,0.06075,0.06075,0.05575,0.05775,0.05875,0.05975,0.05975,0.06175,0.06675,0.135,0.244,0.138,0.141,0.143,0.144,0.139,0.141,0.142,0.138,0.143,0.147,0.15,0.158,0.151,0.148,0.152,0.156,0.156,0.16,0.162,0.159,0.161,0.155
16.5088888888889,0.05725,0.05625,0.06125,0.05925,0.05725,0.05925,0.05725,0.05625,0.06625,0.06625,0.06825,0.07025,0.07025,0.06925,0.06825,0.06625,0.06625,0.06625,0.06825,0.06825,0.06925,0.07025,0.06625,0.06725,0.069625,0.094625,0.060625,0.056625,0.049625,0.050625,0.037625,0.00762499999999999,0.053625,0.056625,0.056625,0.059625,0.058625,0.057625,0.065625,0.059625,0.060625,0.055625,0.057625,0.058625,0.059625,0.059625,0.061625,0.066625,0.13625,0.23725,0.13925,0.14225,0.14525,0.14625,0.14125,0.14225,0.14325,0.13725,0.14425,0.14825,0.15125,0.15925,0.15325,0.14825,0.15325,0.15625,0.15625,0.16125,0.16225,0.16125,0.16225,0.15625
17.0088888888889,0.05725,0.05625,0.06125,0.05925,0.05725,0.05825,0.05725,0.05625,0.06525,0.06625,0.06725,0.06925,0.06925,0.06925,0.06725,0.06525,0.06625,0.06625,0.06725,0.06725,0.06825,0.07025,0.06525,0.06725,0.07,0.095,0.06,0.057,0.051,0.051,0.038,0.00799999999999999,0.054,0.057,0.057,0.06,0.059,0.058,0.065,0.061,0.061,0.056,0.058,0.059,0.06,0.06,0.062,0.066,0.13625,0.23025,0.13925,0.14325,0.14625,0.14625,0.14225,0.14325,0.14325,0.13825,0.14425,0.14725,0.15225,0.16025,0.15425,0.15025,0.15325,0.15525,0.15725,0.16125,0.16325,0.16125,0.16325,0.15625
17.5088888888889,0.05625,0.05625,0.06125,0.05925,0.05725,0.05825,0.05725,0.05625,0.06425,0.06625,0.06725,0.06925,0.06925,0.06825,0.06725,0.06525,0.06525,0.06525,0.06725,0.06725,0.06725,0.06925,0.06525,0.06625,0.07,0.094,0.06,0.057,0.05,0.051,0.038,0.00799999999999999,0.053,0.056,0.056,0.06,0.059,0.058,0.066,0.061,0.061,0.056,0.058,0.059,0.06,0.06,0.062,0.067,0.13725,0.22525,0.14025,0.14425,0.14725,0.14825,0.14325,0.14425,0.14425,0.13825,0.14525,0.14925,0.15325,0.16225,0.15525,0.15125,0.15225,0.15525,0.15725,0.16125,0.16425,0.16225,0.16325,0.15625
18.0088888888889,0.055125,0.055125,0.060125,0.059125,0.056125,0.058125,0.056125,0.056125,0.064125,0.065125,0.066125,0.068125,0.068125,0.067125,0.066125,0.064125,0.064125,0.064125,0.066125,0.066125,0.067125,0.069125,0.065125,0.066125,0.069625,0.093625,0.059625,0.056625,0.049625,0.050625,0.037625,0.00762499999999999,0.053625,0.056625,0.056625,0.059625,0.058625,0.057625,0.065625,0.060625,0.060625,0.055625,0.057625,0.058625,0.059625,0.059625,0.061625,0.065625,0.138125,0.217125,0.141125,0.145125,0.148125,0.149125,0.144125,0.145125,0.145125,0.139125,0.146125,0.151125,0.154125,0.163125,0.155125,0.151125,0.153125,0.156125,0.157125,0.162125,0.164125,0.162125,0.163125,0.157125
18.5088888888889,0.055125,0.055125,0.060125,0.058125,0.056125,0.058125,0.056125,0.055125,0.063125,0.065125,0.066125,0.068125,0.068125,0.067125,0.066125,0.064125,0.064125,0.064125,0.065125,0.066125,0.067125,0.069125,0.064125,0.065125,0.0685,0.0925,0.0595,0.0555,0.0495,0.0505,0.0375,0.00749999999999999,0.0525,0.0555,0.0565,0.0595,0.0585,0.0575,0.0655,0.0605,0.0605,0.0555,0.0575,0.0585,0.0595,0.0595,0.0615,0.0655,0.139125,0.211125,0.142125,0.147125,0.149125,0.150125,0.145125,0.145125,0.144125,0.139125,0.146125,0.151125,0.155125,0.164125,0.156125,0.152125,0.153125,0.155125,0.158125,0.161125,0.164125,0.162125,0.164125,0.157125
19.0088888888889,0.05525,0.05425,0.06025,0.05825,0.05525,0.05825,0.05625,0.05525,0.06325,0.06425,0.06525,0.06725,0.06825,0.06725,0.06625,0.06325,0.06325,0.06325,0.06525,0.06525,0.06625,0.06825,0.06425,0.06425,0.06875,0.09375,0.05975,0.05575,0.04975,0.05075,0.03775,0.00774999999999999,0.05275,0.05575,0.05675,0.05975,0.05875,0.05775,0.06575,0.06075,0.06075,0.05575,0.05775,0.05875,0.05975,0.05975,0.06175,0.06575,0.13925,0.20325,0.14225,0.14725,0.15125,0.15125,0.14625,0.14625,0.14625,0.13925,0.14725,0.15225,0.15625,0.16525,0.15725,0.15325,0.15225,0.15425,0.15725,0.16325,0.16425,0.16325,0.16425,0.15825
19.5088888888889,0.054875,0.053875,0.058875,0.057875,0.054875,0.056875,0.055875,0.054875,0.061875,0.062875,0.064875,0.066875,0.067875,0.065875,0.064875,0.062875,0.062875,0.061875,0.064875,0.064875,0.065875,0.067875,0.062875,0.063875,0.069,0.093,0.06,0.056,0.05,0.051,0.038,0.00799999999999999,0.053,0.056,0.056,0.06,0.059,0.058,0.066,0.06,0.061,0.056,0.058,0.059,0.06,0.06,0.062,0.066,0.139875,0.197875,0.142875,0.147875,0.151875,0.151875,0.146875,0.146875,0.146875,0.139875,0.147875,0.153875,0.156875,0.166875,0.157875,0.153875,0.151875,0.153875,0.156875,0.162875,0.165875,0.162875,0.163875,0.156875
20.0088888888889,0.054,0.054,0.059,0.057,0.055,0.057,0.055,0.054,0.061,0.063,0.064,0.066,0.067,0.066,0.065,0.062,0.062,0.062,0.064,0.064,0.066,0.067,0.063,0.063,0.068875,0.091875,0.059875,0.055875,0.049875,0.050875,0.037875,0.00787499999999999,0.052875,0.055875,0.055875,0.059875,0.058875,0.057875,0.065875,0.059875,0.059875,0.055875,0.057875,0.058875,0.059875,0.059875,0.062875,0.065875,0.141,0.19,0.144,0.149,0.152,0.153,0.147,0.148,0.147,0.141,0.149,0.153,0.157,0.168,0.159,0.155,0.152,0.153,0.157,0.164,0.165,0.164,0.164,0.158
20.5088888888889,0.05425,0.05325,0.05925,0.05725,0.05525,0.05725,0.05525,0.05425,0.06125,0.06225,0.06425,0.06625,0.06725,0.06625,0.06425,0.06225,0.06225,0.06125,0.06325,0.06425,0.06525,0.06725,0.06325,0.06325,0.06875,0.09175,0.05975,0.05575,0.04975,0.05075,0.03775,0.00774999999999999,0.05275,0.05575,0.05575,0.05975,0.05775,0.05775,0.06575,0.05975,0.06075,0.05575,0.05775,0.05875,0.05975,0.05975,0.06175,0.06575,0.14125,0.18425,0.14525,0.15025,0.15325,0.15425,0.14925,0.14925,0.14625,0.14025,0.14825,0.15425,0.15925,0.16925,0.16025,0.15525,0.15225,0.15325,0.15725,0.16425,0.16625,0.16425,0.16525,0.15825
21.0088888888889,0.052875,0.052875,0.057875,0.056875,0.053875,0.055875,0.054875,0.053875,0.059875,0.061875,0.062875,0.065875,0.065875,0.065875,0.063875,0.061875,0.060875,0.060875,0.062875,0.062875,0.063875,0.066875,0.061875,0.061875,0.068625,0.091625,0.058625,0.055625,0.049625,0.049625,0.037625,0.00762499999999999,0.052625,0.055625,0.055625,0.059625,0.058625,0.057625,0.065625,0.059625,0.060625,0.055625,0.057625,0.058625,0.059625,0.059625,0.061625,0.065625,0.141875,0.176875,0.145875,0.150875,0.153875,0.154875,0.148875,0.148875,0.145875,0.140875,0.147875,0.154875,0.158875,0.169875,0.159875,0.155875,0.150875,0.151875,0.157875,0.163875,0.165875,0.163875,0.163875,0.157875
21.5088888888889,0.05325,0.05225,0.05825,0.05625,0.05425,0.05625,0.05525,0.05325,0.06025,0.06125,0.06325,0.06525,0.06625,0.06525,0.06425,0.06125,0.06025,0.06025,0.06225,0.06225,0.06425,0.06625,0.06125,0.06225,0.068,0.09,0.059,0.056,0.05,0.05,0.037,0.00799999999999999,0.053,0.056,0.056,0.06,0.058,0.057,0.066,0.06,0.06,0.056,0.058,0.059,0.06,0.06,0.062,0.066,0.14325,0.17025,0.14625,0.15125,0.15525,0.15625,0.15025,0.15025,0.14625,0.14025,0.14825,0.15525,0.15925,0.17025,0.16125,0.15625,0.15125,0.15225,0.15725,0.16325,0.16525,0.16525,0.16525,0.15725
22.0088888888889,0.05225,0.05225,0.05725,0.05625,0.05425,0.05625,0.05425,0.05325,0.05925,0.06125,0.06225,0.06425,0.06525,0.06425,0.06325,0.06025,0.05925,0.05925,0.06125,0.06225,0.06325,0.06625,0.06125,0.06125,0.067875,0.089875,0.058875,0.054875,0.049875,0.049875,0.036875,0.00787499999999999,0.052875,0.055875,0.055875,0.059875,0.057875,0.056875,0.065875,0.059875,0.059875,0.054875,0.057875,0.058875,0.059875,0.059875,0.061875,0.065875,0.14325,0.16425,0.14725,0.15225,0.15625,0.15725,0.15125,0.15025,0.14625,0.14025,0.14825,0.15625,0.16025,0.17125,0.16125,0.15625,0.15025,0.15125,0.15625,0.16425,0.16625,0.16425,0.16425,0.15725
22.5088888888889,0.052,0.052,0.057,0.055,0.054,0.056,0.054,0.052,0.059,0.06,0.062,0.064,0.065,0.064,0.063,0.06,0.059,0.059,0.061,0.061,0.063,0.066,0.06,0.061,0.067875,0.089875,0.058875,0.055875,0.048875,0.049875,0.036875,0.00787499999999999,0.051875,0.055875,0.055875,0.059875,0.057875,0.056875,0.065875,0.059875,0.059875,0.054875,0.057875,0.058875,0.059875,0.059875,0.061875,0.065875,0.143,0.156,0.147,0.153,0.156,0.158,0.152,0.151,0.145,0.139,0.149,0.156,0.159,0.171,0.161,0.156,0.149,0.15,0.156,0.163,0.165,0.164,0.164,0.157
23.0088888888889,0.052,0.051,0.057,0.055,0.053,0.055,0.054,0.052,0.058,0.06,0.061,0.063,0.064,0.064,0.062,0.059,0.058,0.058,0.06,0.061,0.063,0.065,0.06,0.06,0.066625,0.088625,0.058625,0.054625,0.048625,0.049625,0.036625,0.00762499999999999,0.051625,0.055625,0.055625,0.059625,0.057625,0.056625,0.064625,0.059625,0.059625,0.054625,0.056625,0.058625,0.059625,0.059625,0.061625,0.065625,0.145,0.153,0.148,0.154,0.157,0.158,0.152,0.152,0.145,0.139,0.149,0.156,0.16,0.172,0.161,0.156,0.148,0.149,0.155,0.163,0.166,0.164,0.164,0.156
23.5088888888889,0.050875,0.050875,0.055875,0.054875,0.052875,0.054875,0.052875,0.051875,0.057875,0.058875,0.059875,0.062875,0.063875,0.062875,0.061875,0.058875,0.057875,0.057875,0.059875,0.059875,0.061875,0.064875,0.058875,0.058875,0.0665,0.0875,0.0585,0.0545,0.0485,0.0495,0.0365,0.00749999999999999,0.0515,0.0555,0.0555,0.0585,0.0575,0.0565,0.0645,0.0595,0.0595,0.0545,0.0575,0.0585,0.0595,0.0585,0.0615,0.0655,0.144875,0.155875,0.148875,0.153875,0.157875,0.158875,0.151875,0.151875,0.144875,0.137875,0.148875,0.153875,0.160875,0.171875,0.161875,0.156875,0.148875,0.147875,0.154875,0.161875,0.164875,0.162875,0.163875,0.156875
24.0088888888889,0.051125,0.050125,0.056125,0.054125,0.053125,0.055125,0.053125,0.052125,0.057125,0.059125,0.060125,0.062125,0.063125,0.063125,0.061125,0.059125,0.057125,0.057125,0.059125,0.060125,0.061125,0.064125,0.059125,0.059125,0.06675,0.08775,0.05875,0.05475,0.04875,0.04975,0.03675,0.00774999999999999,0.05175,0.05475,0.05575,0.05875,0.05775,0.05675,0.06475,0.05975,0.05975,0.05475,0.05675,0.05875,0.05975,0.05875,0.06175,0.06575,0.145125,0.158125,0.150125,0.155125,0.159125,0.160125,0.153125,0.153125,0.144125,0.138125,0.149125,0.156125,0.161125,0.173125,0.162125,0.156125,0.147125,0.147125,0.154125,0.162125,0.165125,0.164125,0.164125,0.156125
24.5088888888889,0.050125,0.050125,0.056125,0.054125,0.052125,0.054125,0.053125,0.051125,0.057125,0.058125,0.059125,0.062125,0.063125,0.062125,0.061125,0.058125,0.056125,0.057125,0.059125,0.059125,0.061125,0.064125,0.059125,0.058125,0.066625,0.087625,0.058625,0.054625,0.048625,0.049625,0.036625,0.00762499999999999,0.051625,0.055625,0.055625,0.058625,0.057625,0.056625,0.064625,0.059625,0.059625,0.054625,0.056625,0.058625,0.059625,0.058625,0.061625,0.065625,0.145125,0.159125,0.150125,0.156125,0.160125,0.161125,0.154125,0.153125,0.144125,0.138125,0.149125,0.155125,0.160125,0.174125,0.162125,0.156125,0.147125,0.147125,0.154125,0.163125,0.165125,0.164125,0.163125,0.156125
25.0088888888889,0.050125,0.050125,0.055125,0.054125,0.052125,0.054125,0.052125,0.051125,0.056125,0.058125,0.059125,0.061125,0.063125,0.062125,0.061125,0.058125,0.056125,0.056125,0.058125,0.059125,0.060125,0.063125,0.058125,0.058125,0.06675,0.08675,0.05875,0.05475,0.04875,0.04975,0.03675,0.00774999999999999,0.05175,0.05475,0.05575,0.05875,0.05775,0.05675,0.06475,0.05975,0.05975,0.05475,0.05675,0.05875,0.05975,0.05875,0.06175,0.06575,0.145125,0.160125,0.150125,0.156125,0.160125,0.162125,0.155125,0.154125,0.143125,0.137125,0.149125,0.156125,0.161125,0.174125,0.162125,0.156125,0.146125,0.145125,0.154125,0.162125,0.164125,0.163125,0.163125,0.155125
25.5088888888889,0.049,0.049,0.055,0.053,0.052,0.054,0.052,0.051,0.056,0.057,0.059,0.061,0.062,0.061,0.06,0.057,0.055,0.056,0.058,0.058,0.06,0.063,0.058,0.058,0.065625,0.086625,0.057625,0.054625,0.048625,0.049625,0.036625,0.00762499999999999,0.051625,0.054625,0.054625,0.058625,0.057625,0.056625,0.064625,0.059625,0.059625,0.054625,0.056625,0.058625,0.059625,0.058625,0.061625,0.065625,0.146,0.16,0.151,0.157,0.161,0.163,0.155,0.155,0.143,0.137,0.149,0.156,0.161,0.175,0.162,0.156,0.145,0.145,0.153,0.161,0.164,0.163,0.162,0.154
26.0088888888889,0.049,0.049,0.054,0.053,0.052,0.053,0.052,0.05,0.055,0.057,0.058,0.06,0.062,0.061,0.06,0.057,0.055,0.055,0.057,0.057,0.059,0.062,0.057,0.057,0.065875,0.085875,0.057875,0.053875,0.047875,0.048875,0.035875,0.00787499999999999,0.051875,0.054875,0.054875,0.058875,0.057875,0.055875,0.064875,0.058875,0.058875,0.054875,0.056875,0.058875,0.059875,0.058875,0.061875,0.065875,0.146,0.161,0.151,0.157,0.162,0.163,0.156,0.155,0.142,0.136,0.149,0.156,0.161,0.175,0.162,0.155,0.144,0.144,0.152,0.162,0.164,0.163,0.162,0.154
26.5088888888889,0.049,0.048,0.054,0.053,0.051,0.053,0.052,0.05,0.055,0.056,0.058,0.06,0.061,0.061,0.059,0.056,0.054,0.054,0.056,0.057,0.059,0.062,0.057,0.057,0.0655,0.0855,0.0575,0.0535,0.0475,0.0485,0.0355,0.00749999999999999,0.0515,0.0545,0.0545,0.0585,0.0575,0.0555,0.0645,0.0585,0.0585,0.0535,0.0565,0.0585,0.0595,0.0585,0.0615,0.0645,0.147,0.162,0.152,0.158,0.162,0.164,0.156,0.156,0.142,0.135,0.149,0.156,0.162,0.176,0.162,0.155,0.143,0.143,0.152,0.161,0.164,0.163,0.162,0.153
27.0088888888889,0.048125,0.048125,0.054125,0.052125,0.051125,0.053125,0.051125,0.050125,0.054125,0.056125,0.057125,0.059125,0.061125,0.060125,0.059125,0.056125,0.054125,0.054125,0.056125,0.056125,0.058125,0.061125,0.057125,0.056125,0.065375,0.085375,0.057375,0.053375,0.047375,0.048375,0.035375,0.00737499999999999,0.051375,0.054375,0.054375,0.058375,0.057375,0.055375,0.064375,0.058375,0.058375,0.054375,0.056375,0.058375,0.059375,0.058375,0.061375,0.064375,0.147125,0.163125,0.152125,0.158125,0.163125,0.164125,0.157125,0.156125,0.142125,0.134125,0.148125,0.155125,0.162125,0.176125,0.162125,0.155125,0.142125,0.142125,0.151125,0.160125,0.163125,0.162125,0.161125,0.153125
27.5088888888889,0.048,0.048,0.053,0.052,0.051,0.052,0.051,0.049,0.054,0.056,0.056,0.059,0.06,0.06,0.059,0.055,0.053,0.053,0.055,0.056,0.058,0.061,0.056,0.056,0.065,0.085,0.058,0.054,0.048,0.049,0.036,0.00799999999999999,0.051,0.055,0.055,0.059,0.058,0.056,0.064,0.059,0.059,0.054,0.057,0.058,0.059,0.059,0.062,0.065,0.148,0.163,0.152,0.159,0.163,0.165,0.157,0.156,0.141,0.134,0.148,0.155,0.161,0.176,0.162,0.155,0.142,0.141,0.15,0.16,0.162,0.162,0.161,0.152
28.0088888888889,0.047,0.048,0.053,0.051,0.05,0.052,0.051,0.049,0.053,0.055,0.056,0.058,0.06,0.059,0.058,0.055,0.053,0.053,0.055,0.055,0.057,0.06,0.056,0.055,0.06475,0.08475,0.05675,0.05375,0.04775,0.04875,0.03575,0.00774999999999999,0.05075,0.05475,0.05475,0.05875,0.05775,0.05575,0.06375,0.05875,0.05875,0.05375,0.05675,0.05875,0.05875,0.05875,0.06175,0.06475,0.148,0.164,0.153,0.159,0.164,0.166,0.158,0.157,0.14,0.132,0.148,0.155,0.162,0.176,0.162,0.154,0.14,0.14,0.149,0.159,0.162,0.161,0.16,0.151
28.5088888888889,0.046875,0.046875,0.052875,0.050875,0.049875,0.051875,0.049875,0.048875,0.052875,0.054875,0.055875,0.057875,0.058875,0.058875,0.057875,0.053875,0.051875,0.051875,0.053875,0.054875,0.056875,0.059875,0.054875,0.054875,0.06475,0.08375,0.05675,0.05375,0.04775,0.04875,0.03575,0.00774999999999999,0.05075,0.05475,0.05475,0.05875,0.05675,0.05575,0.06375,0.05875,0.05875,0.05375,0.05675,0.05875,0.05875,0.05775,0.06075,0.06475,0.147875,0.164875,0.152875,0.159875,0.164875,0.165875,0.157875,0.156875,0.140875,0.131875,0.147875,0.153875,0.161875,0.175875,0.160875,0.153875,0.138875,0.138875,0.147875,0.158875,0.160875,0.160875,0.158875,0.150875
29.0088888888889,0.047,0.047,0.052,0.051,0.05,0.051,0.05,0.048,0.052,0.054,0.055,0.057,0.059,0.059,0.057,0.054,0.052,0.052,0.054,0.054,0.056,0.059,0.055,0.054,0.064875,0.083875,0.056875,0.053875,0.047875,0.048875,0.035875,0.00787499999999999,0.050875,0.053875,0.054875,0.057875,0.056875,0.055875,0.063875,0.058875,0.058875,0.053875,0.055875,0.057875,0.058875,0.057875,0.060875,0.064875,0.148,0.165,0.153,0.16,0.165,0.167,0.159,0.158,0.139,0.131,0.148,0.154,0.162,0.176,0.161,0.153,0.139,0.137,0.147,0.158,0.161,0.161,0.159,0.15
29.5088888888889,0.045875,0.045875,0.051875,0.049875,0.048875,0.050875,0.049875,0.047875,0.051875,0.053875,0.054875,0.056875,0.057875,0.057875,0.056875,0.053875,0.050875,0.051875,0.052875,0.053875,0.055875,0.058875,0.053875,0.052875,0.06375,0.08275,0.05675,0.05275,0.04675,0.04775,0.03575,0.00774999999999999,0.05075,0.05375,0.05375,0.05775,0.05675,0.05575,0.06375,0.05875,0.05875,0.05375,0.05575,0.05775,0.05875,0.05775,0.06075,0.06375,0.147875,0.165875,0.153875,0.159875,0.164875,0.166875,0.158875,0.157875,0.138875,0.130875,0.147875,0.153875,0.162875,0.175875,0.160875,0.152875,0.137875,0.135875,0.146875,0.157875,0.160875,0.159875,0.157875,0.148875
30.0088888888889,0.046,0.046,0.051,0.05,0.049,0.051,0.049,0.048,0.051,0.053,0.054,0.056,0.058,0.058,0.056,0.053,0.051,0.051,0.053,0.053,0.056,0.058,0.054,0.053,0.063375,0.081375,0.056375,0.052375,0.046375,0.047375,0.034375,0.00737499999999999,0.050375,0.053375,0.054375,0.057375,0.056375,0.054375,0.063375,0.057375,0.058375,0.053375,0.055375,0.057375,0.058375,0.057375,0.060375,0.063375,0.149,0.167,0.154,0.161,0.166,0.168,0.159,0.158,0.138,0.129,0.147,0.155,0.163,0.176,0.161,0.152,0.136,0.135,0.146,0.157,0.16,0.159,0.158,0.148
30.5088888888889,0.045875,0.045875,0.050875,0.049875,0.048875,0.049875,0.048875,0.047875,0.050875,0.052875,0.053875,0.055875,0.057875,0.057875,0.055875,0.052875,0.050875,0.050875,0.052875,0.052875,0.054875,0.057875,0.052875,0.052875,0.063875,0.080875,0.056875,0.052875,0.046875,0.047875,0.034875,0.00787499999999999,0.050875,0.053875,0.053875,0.057875,0.056875,0.054875,0.063875,0.057875,0.058875,0.053875,0.055875,0.057875,0.058875,0.057875,0.060875,0.063875,0.148875,0.166875,0.154875,0.160875,0.165875,0.167875,0.159875,0.158875,0.137875,0.128875,0.146875,0.152875,0.161875,0.176875,0.159875,0.151875,0.135875,0.133875,0.144875,0.155875,0.159875,0.158875,0.156875,0.147875
31.0088888888889,0.045,0.045,0.051,0.05,0.048,0.05,0.049,0.047,0.051,0.052,0.053,0.056,0.057,0.057,0.056,0.052,0.05,0.05,0.052,0.052,0.055,0.057,0.053,0.052,0.0635,0.0805,0.0555,0.0525,0.0465,0.0475,0.0345,0.00749999999999999,0.0505,0.0535,0.0535,0.0575,0.0565,0.0545,0.0635,0.0575,0.0585,0.0535,0.0555,0.0575,0.0585,0.0575,0.0605,0.0635,0.149,0.167,0.155,0.161,0.167,0.169,0.16,0.159,0.137,0.128,0.147,0.152,0.162,0.176,0.161,0.152,0.135,0.133,0.144,0.156,0.159,0.158,0.157,0.147
31.5088888888889,0.044875,0.044875,0.049875,0.048875,0.047875,0.049875,0.047875,0.046875,0.049875,0.051875,0.052875,0.054875,0.056875,0.056875,0.054875,0.051875,0.049875,0.049875,0.051875,0.051875,0.053875,0.056875,0.051875,0.051875,0.063375,0.079375,0.055375,0.052375,0.046375,0.047375,0.034375,0.00637499999999999,0.049375,0.053375,0.053375,0.057375,0.056375,0.054375,0.062375,0.057375,0.057375,0.053375,0.055375,0.057375,0.057375,0.056375,0.060375,0.062375,0.149875,0.166875,0.154875,0.161875,0.166875,0.168875,0.160875,0.158875,0.135875,0.126875,0.146875,0.152875,0.161875,0.176875,0.160875,0.150875,0.132875,0.131875,0.142875,0.154875,0.158875,0.157875,0.155875,0.145875
32.0088888888889,0.044875,0.044875,0.049875,0.048875,0.047875,0.048875,0.047875,0.046875,0.049875,0.051875,0.052875,0.054875,0.055875,0.055875,0.054875,0.051875,0.048875,0.048875,0.050875,0.050875,0.053875,0.055875,0.051875,0.050875,0.062875,0.078875,0.055875,0.051875,0.046875,0.047875,0.034875,0.00687499999999999,0.049875,0.053875,0.053875,0.057875,0.055875,0.054875,0.062875,0.057875,0.057875,0.052875,0.055875,0.056875,0.057875,0.056875,0.060875,0.062875,0.149875,0.167875,0.154875,0.161875,0.166875,0.169875,0.160875,0.159875,0.135875,0.125875,0.145875,0.151875,0.161875,0.176875,0.159875,0.150875,0.132875,0.130875,0.141875,0.153875,0.157875,0.157875,0.155875,0.144875
32.5088888888889,0.044875,0.043875,0.049875,0.047875,0.047875,0.048875,0.047875,0.045875,0.049875,0.050875,0.051875,0.054875,0.055875,0.055875,0.054875,0.050875,0.048875,0.048875,0.050875,0.050875,0.052875,0.055875,0.050875,0.050875,0.06275,0.07875,0.05575,0.05175,0.04675,0.04775,0.03475,0.00774999999999999,0.04975,0.05275,0.05375,0.05675,0.05575,0.05475,0.06275,0.05775,0.05775,0.05275,0.05575,0.05675,0.05775,0.05675,0.05975,0.06275,0.149875,0.167875,0.154875,0.161875,0.167875,0.169875,0.160875,0.159875,0.134875,0.125875,0.145875,0.151875,0.161875,0.176875,0.159875,0.150875,0.130875,0.128875,0.141875,0.153875,0.156875,0.156875,0.154875,0.144875
33.0088888888889,0.043875,0.043875,0.048875,0.047875,0.047875,0.048875,0.046875,0.045875,0.048875,0.050875,0.051875,0.053875,0.055875,0.055875,0.053875,0.050875,0.047875,0.047875,0.049875,0.050875,0.052875,0.054875,0.050875,0.049875,0.062625,0.078625,0.054625,0.051625,0.045625,0.047625,0.034625,0.00762499999999999,0.049625,0.052625,0.053625,0.056625,0.055625,0.053625,0.062625,0.057625,0.057625,0.052625,0.054625,0.056625,0.057625,0.056625,0.059625,0.062625,0.149875,0.168875,0.155875,0.162875,0.168875,0.169875,0.160875,0.159875,0.133875,0.124875,0.145875,0.150875,0.161875,0.176875,0.159875,0.149875,0.129875,0.127875,0.140875,0.152875,0.156875,0.155875,0.153875,0.143875
33.5088888888889,0.044,0.044,0.049,0.048,0.047,0.048,0.047,0.046,0.049,0.05,0.051,0.054,0.055,0.055,0.054,0.05,0.048,0.048,0.05,0.05,0.052,0.055,0.051,0.05,0.062375,0.077375,0.054375,0.051375,0.045375,0.046375,0.034375,0.00637499999999999,0.049375,0.052375,0.053375,0.056375,0.055375,0.053375,0.061375,0.056375,0.057375,0.052375,0.054375,0.056375,0.057375,0.056375,0.059375,0.062375,0.15,0.169,0.156,0.163,0.168,0.17,0.162,0.16,0.133,0.123,0.146,0.151,0.162,0.176,0.159,0.15,0.129,0.127,0.139,0.152,0.156,0.156,0.153,0.143
34.0088888888889,0.043875,0.043875,0.048875,0.046875,0.046875,0.047875,0.046875,0.045875,0.048875,0.049875,0.050875,0.052875,0.054875,0.054875,0.053875,0.049875,0.047875,0.047875,0.048875,0.049875,0.051875,0.054875,0.049875,0.049875,0.06175,0.07675,0.05475,0.05175,0.04575,0.04675,0.03475,0.00774999999999999,0.04975,0.05275,0.05275,0.05675,0.05575,0.05375,0.06175,0.05675,0.05775,0.05275,0.05475,0.05675,0.05775,0.05575,0.05975,0.06175,0.149875,0.168875,0.155875,0.163875,0.167875,0.170875,0.161875,0.160875,0.132875,0.122875,0.145875,0.150875,0.161875,0.175875,0.158875,0.148875,0.127875,0.125875,0.138875,0.151875,0.154875,0.154875,0.151875,0.141875
34.5088888888889,0.042875,0.042875,0.047875,0.046875,0.046875,0.047875,0.046875,0.044875,0.047875,0.049875,0.050875,0.052875,0.053875,0.054875,0.052875,0.049875,0.046875,0.046875,0.048875,0.048875,0.051875,0.053875,0.049875,0.048875,0.06125,0.07625,0.05425,0.05125,0.04525,0.04625,0.03425,0.00724999999999999,0.04925,0.05225,0.05225,0.05625,0.05525,0.05325,0.06125,0.05625,0.05725,0.05225,0.05425,0.05625,0.05625,0.05525,0.05925,0.06125,0.149875,0.169875,0.156875,0.162875,0.168875,0.170875,0.161875,0.160875,0.131875,0.121875,0.145875,0.150875,0.161875,0.176875,0.158875,0.148875,0.125875,0.124875,0.136875,0.150875,0.154875,0.153875,0.151875,0.140875
35.0088888888889,0.042875,0.042875,0.047875,0.046875,0.045875,0.047875,0.045875,0.044875,0.047875,0.048875,0.049875,0.052875,0.053875,0.053875,0.052875,0.048875,0.046875,0.046875,0.048875,0.048875,0.050875,0.053875,0.048875,0.048875,0.061375,0.075375,0.054375,0.050375,0.045375,0.046375,0.033375,0.00637499999999999,0.048375,0.051375,0.052375,0.056375,0.054375,0.053375,0.061375,0.056375,0.057375,0.052375,0.054375,0.055375,0.056375,0.055375,0.058375,0.061375,0.150875,0.169875,0.156875,0.162875,0.168875,0.171875,0.161875,0.160875,0.130875,0.120875,0.144875,0.149875,0.161875,0.176875,0.157875,0.148875,0.124875,0.122875,0.135875,0.150875,0.153875,0.153875,0.151875,0.139875
35.5088888888889,0.042875,0.042875,0.047875,0.045875,0.045875,0.047875,0.045875,0.044875,0.047875,0.048875,0.049875,0.051875,0.052875,0.053875,0.051875,0.048875,0.046875,0.046875,0.047875,0.048875,0.050875,0.052875,0.048875,0.048875,0.060375,0.075375,0.053375,0.050375,0.044375,0.046375,0.033375,0.00737499999999999,0.048375,0.051375,0.051375,0.055375,0.054375,0.052375,0.061375,0.055375,0.056375,0.051375,0.054375,0.055375,0.056375,0.055375,0.058375,0.061375,0.149875,0.169875,0.156875,0.163875,0.168875,0.171875,0.162875,0.160875,0.129875,0.118875,0.144875,0.148875,0.160875,0.176875,0.157875,0.148875,0.124875,0.121875,0.134875,0.149875,0.153875,0.152875,0.150875,0.138875
36.0088888888889,0.041875,0.041875,0.047875,0.045875,0.045875,0.046875,0.045875,0.043875,0.046875,0.048875,0.048875,0.051875,0.052875,0.052875,0.051875,0.048875,0.045875,0.045875,0.047875,0.047875,0.050875,0.052875,0.048875,0.047875,0.060375,0.075375,0.053375,0.050375,0.044375,0.046375,0.033375,0.00637499999999999,0.048375,0.051375,0.052375,0.055375,0.054375,0.052375,0.060375,0.055375,0.056375,0.051375,0.053375,0.055375,0.056375,0.054375,0.058375,0.061375,0.149875,0.169875,0.156875,0.163875,0.168875,0.171875,0.162875,0.160875,0.129875,0.118875,0.145875,0.148875,0.160875,0.176875,0.157875,0.146875,0.122875,0.120875,0.134875,0.149875,0.152875,0.152875,0.149875,0.137875
36.5088888888889,0.041875,0.041875,0.046875,0.045875,0.045875,0.046875,0.044875,0.043875,0.046875,0.048875,0.048875,0.050875,0.052875,0.052875,0.051875,0.047875,0.045875,0.045875,0.046875,0.047875,0.049875,0.051875,0.048875,0.047875,0.060375,0.074375,0.053375,0.050375,0.044375,0.045375,0.033375,0.00637499999999999,0.048375,0.051375,0.051375,0.055375,0.054375,0.052375,0.060375,0.055375,0.056375,0.051375,0.053375,0.055375,0.056375,0.054375,0.058375,0.060375,0.149875,0.170875,0.156875,0.163875,0.169875,0.171875,0.163875,0.161875,0.128875,0.117875,0.144875,0.148875,0.160875,0.176875,0.157875,0.146875,0.121875,0.119875,0.132875,0.148875,0.151875,0.151875,0.148875,0.136875
37.0088888888889,0.041875,0.041875,0.046875,0.045875,0.045875,0.046875,0.044875,0.043875,0.046875,0.047875,0.048875,0.050875,0.052875,0.052875,0.050875,0.047875,0.045875,0.045875,0.046875,0.046875,0.049875,0.051875,0.047875,0.047875,0.060375,0.073375,0.053375,0.050375,0.044375,0.045375,0.033375,0.00637499999999999,0.048375,0.051375,0.051375,0.055375,0.054375,0.052375,0.060375,0.055375,0.056375,0.051375,0.053375,0.055375,0.055375,0.054375,0.058375,0.060375,0.150875,0.170875,0.156875,0.163875,0.169875,0.171875,0.162875,0.161875,0.128875,0.116875,0.144875,0.147875,0.160875,0.176875,0.157875,0.146875,0.120875,0.118875,0.132875,0.147875,0.151875,0.150875,0.148875,0.136875
37.5088888888889,0.041875,0.041875,0.046875,0.044875,0.044875,0.045875,0.044875,0.043875,0.045875,0.047875,0.047875,0.050875,0.051875,0.051875,0.050875,0.047875,0.044875,0.044875,0.046875,0.046875,0.049875,0.051875,0.047875,0.046875,0.060625,0.072625,0.053625,0.050625,0.044625,0.045625,0.033625,0.00662499999999999,0.047625,0.050625,0.051625,0.055625,0.053625,0.052625,0.060625,0.054625,0.056625,0.051625,0.053625,0.055625,0.055625,0.054625,0.057625,0.060625,0.149875,0.170875,0.157875,0.163875,0.169875,0.172875,0.162875,0.161875,0.127875,0.115875,0.144875,0.147875,0.160875,0.176875,0.156875,0.146875,0.119875,0.117875,0.131875,0.147875,0.150875,0.150875,0.147875,0.135875
38.0088888888889,0.041875,0.041875,0.045875,0.044875,0.044875,0.045875,0.044875,0.042875,0.045875,0.047875,0.047875,0.050875,0.051875,0.051875,0.050875,0.046875,0.044875,0.044875,0.046875,0.046875,0.048875,0.050875,0.046875,0.046875,0.059875,0.072875,0.052875,0.049875,0.044875,0.045875,0.033875,0.00687499999999999,0.047875,0.050875,0.050875,0.054875,0.053875,0.051875,0.059875,0.054875,0.055875,0.050875,0.052875,0.054875,0.055875,0.053875,0.057875,0.059875,0.149875,0.170875,0.157875,0.163875,0.169875,0.172875,0.163875,0.161875,0.126875,0.115875,0.144875,0.147875,0.160875,0.176875,0.156875,0.146875,0.118875,0.116875,0.129875,0.145875,0.149875,0.149875,0.146875,0.134875
38.5088888888889,0.040875,0.040875,0.045875,0.044875,0.044875,0.045875,0.044875,0.042875,0.045875,0.046875,0.047875,0.049875,0.051875,0.051875,0.049875,0.046875,0.044875,0.044875,0.045875,0.045875,0.048875,0.050875,0.046875,0.046875,0.0595,0.0715,0.0525,0.0495,0.0435,0.0455,0.0335,0.00649999999999999,0.0475,0.0505,0.0505,0.0545,0.0535,0.0515,0.0595,0.0545,0.0555,0.0505,0.0525,0.0545,0.0555,0.0535,0.0575,0.0595,0.149875,0.170875,0.156875,0.163875,0.169875,0.172875,0.163875,0.161875,0.125875,0.114875,0.144875,0.147875,0.160875,0.176875,0.156875,0.145875,0.117875,0.114875,0.128875,0.145875,0.148875,0.148875,0.145875,0.133875
39.0088888888889,0.040875,0.040875,0.045875,0.044875,0.044875,0.045875,0.043875,0.042875,0.045875,0.046875,0.046875,0.049875,0.050875,0.050875,0.049875,0.046875,0.044875,0.044875,0.045875,0.045875,0.048875,0.049875,0.046875,0.045875,0.0595,0.0705,0.0525,0.0495,0.0435,0.0455,0.0335,0.00649999999999999,0.0475,0.0505,0.0505,0.0545,0.0535,0.0515,0.0595,0.0545,0.0555,0.0505,0.0525,0.0545,0.0545,0.0535,0.0575,0.0595,0.150875,0.170875,0.157875,0.164875,0.169875,0.172875,0.163875,0.161875,0.126875,0.114875,0.144875,0.146875,0.160875,0.177875,0.155875,0.145875,0.116875,0.113875,0.127875,0.145875,0.147875,0.148875,0.144875,0.132875
39.5088888888889,0.040875,0.040875,0.044875,0.043875,0.043875,0.044875,0.043875,0.042875,0.044875,0.046875,0.046875,0.049875,0.050875,0.050875,0.049875,0.045875,0.043875,0.043875,0.045875,0.045875,0.047875,0.049875,0.046875,0.045875,0.059375,0.070375,0.052375,0.049375,0.043375,0.044375,0.032375,0.00737499999999999,0.047375,0.050375,0.050375,0.054375,0.053375,0.051375,0.058375,0.053375,0.055375,0.050375,0.052375,0.054375,0.054375,0.053375,0.056375,0.059375,0.149875,0.170875,0.157875,0.163875,0.169875,0.172875,0.163875,0.161875,0.124875,0.112875,0.145875,0.147875,0.160875,0.176875,0.156875,0.145875,0.115875,0.112875,0.126875,0.143875,0.147875,0.146875,0.143875,0.131875
40.0088888888889,0.040875,0.040875,0.044875,0.043875,0.043875,0.044875,0.043875,0.041875,0.044875,0.045875,0.046875,0.048875,0.050875,0.050875,0.048875,0.045875,0.043875,0.043875,0.044875,0.044875,0.047875,0.049875,0.045875,0.045875,0.058375,0.070375,0.052375,0.048375,0.043375,0.044375,0.032375,0.00637499999999999,0.047375,0.050375,0.050375,0.053375,0.052375,0.051375,0.058375,0.053375,0.055375,0.049375,0.052375,0.053375,0.054375,0.052375,0.056375,0.058375,0.150875,0.170875,0.157875,0.163875,0.170875,0.173875,0.163875,0.161875,0.123875,0.112875,0.144875,0.146875,0.160875,0.176875,0.155875,0.144875,0.113875,0.111875,0.125875,0.143875,0.146875,0.146875,0.143875,0.130875
40.5088888888889,0.039875,0.039875,0.044875,0.043875,0.043875,0.044875,0.042875,0.041875,0.044875,0.045875,0.046875,0.048875,0.049875,0.050875,0.048875,0.045875,0.043875,0.043875,0.044875,0.044875,0.047875,0.048875,0.045875,0.044875,0.05875,0.06975,0.05275,0.04875,0.04375,0.04475,0.03275,0.00674999999999999,0.04675,0.04975,0.05075,0.05375,0.05275,0.05075,0.05875,0.05375,0.05475,0.04975,0.05175,0.05375,0.05475,0.05275,0.05675,0.05875,0.150875,0.170875,0.157875,0.163875,0.170875,0.172875,0.163875,0.161875,0.122875,0.111875,0.145875,0.146875,0.160875,0.176875,0.156875,0.144875,0.112875,0.110875,0.124875,0.142875,0.146875,0.145875,0.143875,0.129875
41.0088888888889,0.039875,0.039875,0.044875,0.043875,0.043875,0.044875,0.042875,0.041875,0.044875,0.045875,0.045875,0.048875,0.049875,0.049875,0.048875,0.044875,0.043875,0.042875,0.044875,0.044875,0.046875,0.048875,0.045875,0.044875,0.05875,0.06975,0.05175,0.04875,0.04375,0.04475,0.03275,0.00674999999999999,0.04675,0.04975,0.05075,0.05375,0.05275,0.05075,0.05875,0.05375,0.05475,0.04975,0.05175,0.05375,0.05375,0.05275,0.05575,0.05875,0.149875,0.170875,0.157875,0.163875,0.170875,0.173875,0.163875,0.161875,0.122875,0.110875,0.145875,0.145875,0.160875,0.176875,0.156875,0.144875,0.111875,0.109875,0.124875,0.142875,0.145875,0.145875,0.141875,0.128875
41.5088888888889,0.039875,0.039875,0.043875,0.042875,0.042875,0.043875,0.042875,0.041875,0.043875,0.045875,0.045875,0.047875,0.049875,0.049875,0.048875,0.044875,0.042875,0.042875,0.044875,0.044875,0.046875,0.048875,0.044875,0.044875,0.058875,0.068875,0.051875,0.048875,0.042875,0.044875,0.032875,0.00687499999999999,0.046875,0.049875,0.049875,0.053875,0.052875,0.050875,0.057875,0.052875,0.054875,0.049875,0.051875,0.053875,0.053875,0.052875,0.055875,0.058875,0.149875,0.171875,0.157875,0.163875,0.170875,0.173875,0.163875,0.161875,0.121875,0.110875,0.145875,0.145875,0.160875,0.177875,0.156875,0.144875,0.110875,0.108875,0.122875,0.142875,0.144875,0.144875,0.140875,0.127875
42.0088888888889,0.04,0.04,0.044,0.043,0.043,0.044,0.043,0.042,0.044,0.045,0.046,0.048,0.049,0.05,0.048,0.045,0.043,0.043,0.044,0.044,0.047,0.049,0.045,0.044,0.0585,0.0675,0.0515,0.0485,0.0425,0.0445,0.0325,0.00649999999999999,0.0465,0.0495,0.0495,0.0535,0.0525,0.0505,0.0575,0.0525,0.0545,0.0485,0.0515,0.0525,0.0535,0.0515,0.0555,0.0575,0.15,0.172,0.158,0.164,0.171,0.174,0.164,0.162,0.122,0.11,0.146,0.145,0.162,0.178,0.157,0.145,0.11,0.108,0.122,0.141,0.144,0.144,0.141,0.127
42.5088888888889,0.038875,0.038875,0.043875,0.042875,0.042875,0.043875,0.041875,0.040875,0.043875,0.044875,0.045875,0.047875,0.048875,0.048875,0.047875,0.044875,0.042875,0.042875,0.043875,0.043875,0.045875,0.047875,0.044875,0.043875,0.0585,0.0675,0.0515,0.0485,0.0425,0.0435,0.0325,0.00649999999999999,0.0465,0.0495,0.0495,0.0525,0.0515,0.0495,0.0575,0.0525,0.0545,0.0485,0.0505,0.0525,0.0535,0.0515,0.0555,0.0575,0.149875,0.170875,0.157875,0.163875,0.170875,0.173875,0.163875,0.161875,0.120875,0.108875,0.146875,0.145875,0.160875,0.177875,0.155875,0.144875,0.108875,0.106875,0.121875,0.139875,0.142875,0.142875,0.139875,0.126875
43.0088888888889,0.038875,0.038875,0.043875,0.042875,0.042875,0.043875,0.041875,0.040875,0.042875,0.044875,0.044875,0.047875,0.048875,0.048875,0.047875,0.043875,0.041875,0.041875,0.043875,0.043875,0.045875,0.047875,0.044875,0.043875,0.057625,0.066625,0.051625,0.047625,0.042625,0.043625,0.031625,0.00762499999999999,0.045625,0.048625,0.049625,0.052625,0.051625,0.049625,0.057625,0.052625,0.053625,0.048625,0.050625,0.052625,0.053625,0.051625,0.054625,0.057625,0.148875,0.170875,0.157875,0.163875,0.170875,0.173875,0.163875,0.161875,0.120875,0.107875,0.145875,0.145875,0.160875,0.177875,0.156875,0.144875,0.107875,0.104875,0.119875,0.139875,0.142875,0.142875,0.138875,0.125875
43.5088888888889,0.038875,0.038875,0.042875,0.041875,0.042875,0.043875,0.041875,0.040875,0.042875,0.043875,0.044875,0.046875,0.048875,0.048875,0.046875,0.043875,0.041875,0.041875,0.043875,0.043875,0.045875,0.047875,0.043875,0.043875,0.057625,0.066625,0.051625,0.047625,0.042625,0.043625,0.031625,0.00662499999999999,0.045625,0.048625,0.048625,0.052625,0.051625,0.049625,0.056625,0.052625,0.053625,0.048625,0.050625,0.052625,0.052625,0.050625,0.054625,0.056625,0.148875,0.170875,0.157875,0.163875,0.170875,0.173875,0.163875,0.161875,0.119875,0.106875,0.148875,0.145875,0.160875,0.178875,0.156875,0.144875,0.106875,0.103875,0.119875,0.138875,0.141875,0.142875,0.137875,0.124875
44.0088888888889,0.038875,0.038875,0.042875,0.041875,0.041875,0.042875,0.041875,0.040875,0.042875,0.043875,0.044875,0.046875,0.047875,0.048875,0.046875,0.043875,0.041875,0.041875,0.042875,0.042875,0.045875,0.046875,0.043875,0.042875,0.0575,0.0665,0.0505,0.0475,0.0425,0.0435,0.0315,0.00649999999999999,0.0455,0.0485,0.0485,0.0525,0.0515,0.0495,0.0565,0.0515,0.0535,0.0485,0.0505,0.0515,0.0525,0.0505,0.0545,0.0565,0.148875,0.170875,0.156875,0.163875,0.170875,0.173875,0.163875,0.161875,0.119875,0.106875,0.147875,0.145875,0.161875,0.179875,0.156875,0.144875,0.105875,0.102875,0.118875,0.138875,0.140875,0.141875,0.137875,0.123875
44.5088888888889,0.039,0.039,0.043,0.042,0.042,0.043,0.042,0.04,0.043,0.044,0.044,0.047,0.048,0.048,0.047,0.043,0.042,0.042,0.043,0.043,0.045,0.047,0.044,0.043,0.057375,0.065375,0.050375,0.047375,0.041375,0.043375,0.031375,0.00637499999999999,0.045375,0.048375,0.048375,0.052375,0.050375,0.049375,0.056375,0.051375,0.053375,0.047375,0.049375,0.051375,0.052375,0.050375,0.053375,0.055375,0.149,0.171,0.158,0.164,0.171,0.174,0.164,0.162,0.119,0.106,0.148,0.145,0.163,0.18,0.157,0.145,0.104,0.102,0.117,0.138,0.14,0.14,0.137,0.123
45.0088888888889,0.037875,0.038875,0.042875,0.041875,0.041875,0.042875,0.040875,0.039875,0.042875,0.043875,0.043875,0.046875,0.047875,0.047875,0.046875,0.042875,0.041875,0.041875,0.042875,0.042875,0.044875,0.046875,0.043875,0.042875,0.056625,0.065625,0.050625,0.047625,0.041625,0.043625,0.031625,0.00662499999999999,0.045625,0.047625,0.048625,0.051625,0.050625,0.048625,0.056625,0.051625,0.053625,0.047625,0.049625,0.051625,0.051625,0.050625,0.053625,0.055625,0.148875,0.170875,0.157875,0.163875,0.170875,0.173875,0.163875,0.161875,0.119875,0.105875,0.148875,0.145875,0.161875,0.179875,0.156875,0.144875,0.102875,0.099875,0.115875,0.136875,0.139875,0.139875,0.135875,0.121875
45.5088888888889,0.037875,0.037875,0.041875,0.040875,0.041875,0.042875,0.040875,0.039875,0.041875,0.043875,0.043875,0.045875,0.047875,0.047875,0.045875,0.042875,0.041875,0.040875,0.042875,0.042875,0.044875,0.045875,0.042875,0.042875,0.056375,0.064375,0.050375,0.047375,0.041375,0.043375,0.031375,0.00737499999999999,0.044375,0.047375,0.048375,0.051375,0.050375,0.048375,0.055375,0.051375,0.052375,0.047375,0.049375,0.051375,0.051375,0.049375,0.053375,0.055375,0.148875,0.170875,0.156875,0.163875,0.170875,0.172875,0.163875,0.161875,0.118875,0.104875,0.150875,0.145875,0.163875,0.180875,0.157875,0.145875,0.101875,0.098875,0.114875,0.135875,0.138875,0.138875,0.134875,0.120875
46.0088888888889,0.037875,0.037875,0.041875,0.040875,0.041875,0.041875,0.040875,0.039875,0.041875,0.042875,0.043875,0.045875,0.046875,0.046875,0.045875,0.042875,0.040875,0.040875,0.042875,0.041875,0.044875,0.045875,0.042875,0.042875,0.056625,0.064625,0.050625,0.046625,0.041625,0.043625,0.031625,0.00662499999999999,0.044625,0.047625,0.048625,0.051625,0.050625,0.048625,0.055625,0.050625,0.052625,0.047625,0.049625,0.050625,0.051625,0.049625,0.053625,0.055625,0.148875,0.170875,0.157875,0.163875,0.169875,0.172875,0.163875,0.161875,0.118875,0.103875,0.149875,0.145875,0.162875,0.180875,0.157875,0.145875,0.100875,0.098875,0.114875,0.136875,0.137875,0.137875,0.134875,0.119875
46.5088888888889,0.038,0.038,0.042,0.041,0.041,0.042,0.041,0.04,0.042,0.043,0.044,0.046,0.047,0.047,0.046,0.043,0.041,0.041,0.042,0.042,0.044,0.046,0.043,0.042,0.05675,0.06375,0.04975,0.04675,0.04175,0.04275,0.03075,0.00674999999999999,0.04475,0.04775,0.04775,0.05175,0.05075,0.04875,0.05575,0.05075,0.05275,0.04675,0.04875,0.05075,0.05175,0.04975,0.05275,0.05575,0.148,0.171,0.157,0.164,0.17,0.174,0.164,0.162,0.119,0.104,0.152,0.146,0.164,0.181,0.159,0.146,0.1,0.097,0.113,0.136,0.137,0.138,0.134,0.119
47.0088888888889,0.038,0.038,0.042,0.041,0.041,0.042,0.04,0.04,0.042,0.043,0.043,0.046,0.047,0.047,0.045,0.042,0.041,0.041,0.042,0.042,0.044,0.046,0.043,0.042,0.0565,0.0635,0.0495,0.0465,0.0415,0.0425,0.0305,0.00649999999999999,0.0445,0.0475,0.0475,0.0505,0.0495,0.0475,0.0545,0.0505,0.0515,0.0465,0.0485,0.0505,0.0505,0.0485,0.0525,0.0545,0.148,0.17,0.156,0.163,0.17,0.173,0.164,0.161,0.118,0.103,0.154,0.146,0.164,0.182,0.159,0.147,0.099,0.096,0.113,0.136,0.137,0.138,0.133,0.119
47.5088888888889,0.037875,0.037875,0.041875,0.040875,0.040875,0.041875,0.039875,0.038875,0.040875,0.042875,0.042875,0.044875,0.045875,0.046875,0.044875,0.041875,0.040875,0.040875,0.041875,0.041875,0.043875,0.044875,0.042875,0.041875,0.055625,0.062625,0.049625,0.046625,0.041625,0.042625,0.030625,0.00662499999999999,0.044625,0.046625,0.047625,0.050625,0.049625,0.047625,0.054625,0.050625,0.051625,0.046625,0.048625,0.050625,0.050625,0.048625,0.052625,0.054625,0.147875,0.169875,0.156875,0.162875,0.169875,0.173875,0.163875,0.160875,0.117875,0.102875,0.152875,0.146875,0.164875,0.182875,0.159875,0.146875,0.096875,0.094875,0.111875,0.133875,0.135875,0.136875,0.132875,0.116875
48.0088888888889,0.037125,0.037125,0.041125,0.040125,0.041125,0.041125,0.040125,0.039125,0.041125,0.042125,0.043125,0.045125,0.046125,0.046125,0.045125,0.042125,0.041125,0.040125,0.042125,0.042125,0.044125,0.045125,0.042125,0.042125,0.0555,0.0625,0.0495,0.0465,0.0405,0.0425,0.0305,0.00649999999999999,0.0435,0.0465,0.0475,0.0505,0.0495,0.0475,0.0545,0.0505,0.0515,0.0465,0.0485,0.0495,0.0505,0.0485,0.0525,0.0545,0.148125,0.170125,0.157125,0.163125,0.170125,0.173125,0.164125,0.161125,0.117125,0.102125,0.155125,0.147125,0.165125,0.183125,0.159125,0.148125,0.097125,0.094125,0.111125,0.135125,0.135125,0.136125,0.132125,0.117125
48.5088888888889,0.036875,0.036875,0.040875,0.039875,0.040875,0.040875,0.039875,0.038875,0.040875,0.041875,0.041875,0.044875,0.045875,0.045875,0.044875,0.041875,0.040875,0.039875,0.041875,0.041875,0.043875,0.044875,0.041875,0.041875,0.055625,0.062625,0.049625,0.046625,0.040625,0.042625,0.030625,0.00662499999999999,0.043625,0.046625,0.046625,0.050625,0.049625,0.047625,0.054625,0.049625,0.051625,0.045625,0.047625,0.049625,0.050625,0.048625,0.051625,0.053625,0.147875,0.169875,0.155875,0.162875,0.169875,0.172875,0.163875,0.160875,0.117875,0.101875,0.153875,0.145875,0.164875,0.182875,0.160875,0.147875,0.095875,0.092875,0.109875,0.132875,0.133875,0.134875,0.130875,0.114875
49.0088888888889,0.036875,0.036875,0.040875,0.039875,0.040875,0.040875,0.039875,0.038875,0.040875,0.041875,0.041875,0.044875,0.045875,0.045875,0.044875,0.040875,0.039875,0.039875,0.040875,0.040875,0.042875,0.044875,0.041875,0.040875,0.05525,0.06125,0.04925,0.04525,0.04025,0.04225,0.03025,0.00724999999999999,0.04325,0.04625,0.04625,0.05025,0.04925,0.04725,0.05425,0.04925,0.05125,0.04525,0.04725,0.04925,0.04925,0.04725,0.05125,0.05325,0.146875,0.169875,0.155875,0.161875,0.169875,0.172875,0.162875,0.160875,0.117875,0.100875,0.155875,0.146875,0.165875,0.183875,0.159875,0.148875,0.093875,0.091875,0.107875,0.132875,0.132875,0.134875,0.129875,0.114875
49.5088888888889,0.036875,0.036875,0.040875,0.039875,0.040875,0.040875,0.039875,0.038875,0.040875,0.041875,0.041875,0.043875,0.045875,0.045875,0.043875,0.040875,0.039875,0.039875,0.040875,0.040875,0.042875,0.043875,0.040875,0.040875,0.055625,0.060625,0.048625,0.045625,0.040625,0.042625,0.030625,0.00662499999999999,0.043625,0.046625,0.046625,0.049625,0.048625,0.046625,0.053625,0.049625,0.051625,0.045625,0.047625,0.049625,0.049625,0.047625,0.051625,0.053625,0.146875,0.169875,0.155875,0.161875,0.169875,0.172875,0.162875,0.160875,0.116875,0.099875,0.154875,0.146875,0.166875,0.184875,0.160875,0.148875,0.093875,0.090875,0.107875,0.131875,0.131875,0.133875,0.128875,0.113875
50.0088888888889,0.037125,0.037125,0.041125,0.039125,0.040125,0.041125,0.039125,0.039125,0.041125,0.042125,0.042125,0.044125,0.045125,0.046125,0.044125,0.041125,0.040125,0.040125,0.041125,0.041125,0.043125,0.044125,0.041125,0.041125,0.054375,0.060375,0.048375,0.045375,0.040375,0.041375,0.030375,0.00637499999999999,0.043375,0.045375,0.046375,0.049375,0.048375,0.046375,0.053375,0.049375,0.050375,0.045375,0.047375,0.048375,0.049375,0.047375,0.051375,0.053375,0.147125,0.170125,0.156125,0.162125,0.170125,0.173125,0.163125,0.161125,0.118125,0.099125,0.158125,0.148125,0.168125,0.185125,0.161125,0.149125,0.093125,0.090125,0.107125,0.132125,0.132125,0.134125,0.129125,0.113125
50.5088888888889,0.036875,0.036875,0.040875,0.038875,0.039875,0.040875,0.038875,0.038875,0.039875,0.040875,0.041875,0.043875,0.044875,0.044875,0.043875,0.040875,0.039875,0.039875,0.040875,0.040875,0.042875,0.043875,0.040875,0.040875,0.05425,0.05925,0.04825,0.04525,0.04025,0.04125,0.03025,0.00624999999999999,0.04225,0.04525,0.04625,0.04925,0.04825,0.04625,0.05325,0.04825,0.05025,0.04425,0.04625,0.04825,0.04925,0.04725,0.05025,0.05225,0.146875,0.168875,0.155875,0.161875,0.168875,0.171875,0.162875,0.160875,0.117875,0.100875,0.157875,0.147875,0.167875,0.186875,0.161875,0.149875,0.091875,0.088875,0.105875,0.130875,0.130875,0.132875,0.127875,0.111875
51.0088888888889,0.035875,0.036875,0.039875,0.038875,0.039875,0.039875,0.038875,0.037875,0.039875,0.040875,0.040875,0.043875,0.044875,0.044875,0.043875,0.040875,0.039875,0.039875,0.040875,0.040875,0.042875,0.043875,0.040875,0.040875,0.054625,0.059625,0.048625,0.045625,0.040625,0.041625,0.030625,0.00662499999999999,0.042625,0.045625,0.046625,0.049625,0.048625,0.046625,0.053625,0.048625,0.050625,0.044625,0.046625,0.048625,0.048625,0.046625,0.050625,0.052625,0.145875,0.168875,0.154875,0.161875,0.168875,0.171875,0.162875,0.160875,0.117875,0.099875,0.159875,0.148875,0.168875,0.186875,0.162875,0.150875,0.090875,0.087875,0.104875,0.130875,0.129875,0.131875,0.126875,0.110875
51.5088888888889,0.035875,0.035875,0.039875,0.038875,0.039875,0.039875,0.038875,0.037875,0.039875,0.040875,0.040875,0.043875,0.044875,0.044875,0.043875,0.039875,0.039875,0.038875,0.039875,0.040875,0.041875,0.043875,0.040875,0.039875,0.0545,0.0585,0.0485,0.0455,0.0395,0.0415,0.0305,0.00649999999999999,0.0425,0.0455,0.0455,0.0485,0.0475,0.0455,0.0525,0.0485,0.0495,0.0445,0.0465,0.0485,0.0485,0.0465,0.0505,0.0525,0.145875,0.168875,0.154875,0.160875,0.168875,0.171875,0.162875,0.159875,0.116875,0.099875,0.160875,0.148875,0.169875,0.188875,0.163875,0.151875,0.089875,0.086875,0.103875,0.130875,0.129875,0.130875,0.125875,0.110875
52.0088888888889,0.035875,0.035875,0.039875,0.038875,0.039875,0.039875,0.038875,0.037875,0.039875,0.040875,0.040875,0.043875,0.044875,0.044875,0.042875,0.039875,0.038875,0.038875,0.039875,0.039875,0.041875,0.042875,0.040875,0.039875,0.0545,0.0585,0.0475,0.0445,0.0395,0.0415,0.0305,0.00649999999999999,0.0425,0.0455,0.0455,0.0485,0.0475,0.0455,0.0525,0.0485,0.0495,0.0445,0.0465,0.0475,0.0485,0.0465,0.0495,0.0515,0.145875,0.168875,0.154875,0.160875,0.168875,0.171875,0.162875,0.159875,0.117875,0.098875,0.160875,0.150875,0.170875,0.189875,0.164875,0.152875,0.088875,0.085875,0.102875,0.128875,0.127875,0.129875,0.125875,0.108875
52.5088888888889,0.035875,0.035875,0.039875,0.038875,0.039875,0.039875,0.037875,0.037875,0.039875,0.040875,0.040875,0.042875,0.043875,0.044875,0.042875,0.039875,0.038875,0.038875,0.039875,0.039875,0.041875,0.042875,0.039875,0.039875,0.053625,0.057625,0.047625,0.044625,0.039625,0.041625,0.029625,0.00662499999999999,0.042625,0.044625,0.045625,0.048625,0.047625,0.045625,0.052625,0.047625,0.049625,0.043625,0.045625,0.047625,0.048625,0.046625,0.049625,0.051625,0.144875,0.168875,0.153875,0.160875,0.167875,0.171875,0.161875,0.159875,0.116875,0.099875,0.162875,0.150875,0.171875,0.190875,0.165875,0.153875,0.087875,0.084875,0.102875,0.128875,0.128875,0.129875,0.124875,0.107875
53.0088888888889,0.036,0.036,0.04,0.038,0.04,0.04,0.038,0.038,0.039,0.041,0.041,0.043,0.044,0.044,0.043,0.04,0.039,0.039,0.04,0.04,0.042,0.043,0.04,0.04,0.053625,0.057625,0.047625,0.044625,0.039625,0.041625,0.029625,0.00662499999999999,0.041625,0.044625,0.045625,0.048625,0.047625,0.045625,0.052625,0.047625,0.049625,0.043625,0.045625,0.047625,0.047625,0.045625,0.049625,0.051625,0.145,0.168,0.154,0.16,0.168,0.171,0.162,0.159,0.116,0.1,0.165,0.152,0.175,0.193,0.168,0.156,0.087,0.084,0.102,0.129,0.127,0.13,0.124,0.107
