filename,ATTRIBUTE_SynCom,ATTRIBUTE_Sample_type,ATTRIBUTE_Time,ATTRIBUTE_Replicate,ATTRIBUTE_Sau,ATTRIBUTE_SC
Control_R1.mzML,Control,Blank,T1,R1,No,No
Control_R2.mzML,Control,Blank,T1,R2,No,No
Control_R3.mzML,Control,Blank,T1,R3,No,No
Control_R4.mzML,Control,Blank,T1,R4,No,No
Control_R5.mzML,Control,Blank,T1,R5,No,No
Control_R6.mzML,Control,Blank,T1,R6,No,No
SC10_T1_R1.mzML,SC10,Sample,T1,R1,No,Yes
SC10_T1_R2.mzML,SC10,Sample,T1,R2,No,Yes
SC10_T1_R3.mzML,SC10,Sample,T1,R3,No,Yes
SC10_T2_R1.mzML,SC10,Sample,T2,R1,No,Yes
SC10_T2_R2.mzML,SC10,Sample,T2,R2,No,Yes
SC10_T2_R3.mzML,SC10,Sample,T2,R3,No,Yes
SC10_T3_R1.mzML,SC10,Sample,T3,R1,No,Yes
SC10_T3_R2.mzML,SC10,Sample,T3,R2,No,Yes
SC10_T3_R3.mzML,SC10,Sample,T3,R3,No,Yes
SC10_TF_R1.mzML,SC10,Sample,TF,R1,Yes,Yes
SC10_TF_R2.mzML,SC10,Sample,TF,R2,Yes,Yes
SC10_TF_R3.mzML,SC10,Sample,TF,R3,Yes,Yes
SC11_T1_R1.mzML,SC11,Sample,T1,R1,No,Yes
SC11_T1_R2.mzML,SC11,Sample,T1,R2,No,Yes
SC11_T1_R3.mzML,SC11,Sample,T1,R3,No,Yes
SC11_T2_R1.mzML,SC11,Sample,T2,R1,No,Yes
SC11_T2_R2.mzML,SC11,Sample,T2,R2,No,Yes
SC11_T2_R3.mzML,SC11,Sample,T2,R3,No,Yes
SC11_T3_R1.mzML,SC11,Sample,T3,R1,No,Yes
SC11_T3_R2.mzML,SC11,Sample,T3,R2,No,Yes
SC11_T3_R3.mzML,SC11,Sample,T3,R3,No,Yes
SC11_TF_R1.mzML,SC11,Sample,TF,R1,Yes,Yes
SC11_TF_R2.mzML,SC11,Sample,TF,R2,Yes,Yes
SC11_TF_R3.mzML,SC11,Sample,TF,R3,Yes,Yes
SC12_T1_R1.mzML,SC12,Sample,T1,R1,No,Yes
SC12_T1_R2.mzML,SC12,Sample,T1,R2,No,Yes
SC12_T1_R3.mzML,SC12,Sample,T1,R3,No,Yes
SC12_T2_R1.mzML,SC12,Sample,T2,R1,No,Yes
SC12_T2_R2.mzML,SC12,Sample,T2,R2,No,Yes
SC12_T2_R3.mzML,SC12,Sample,T2,R3,No,Yes
SC12_T3_R1.mzML,SC12,Sample,T3,R1,No,Yes
SC12_T3_R2.mzML,SC12,Sample,T3,R2,No,Yes
SC12_T3_R3.mzML,SC12,Sample,T3,R3,No,Yes
SC12_TF_R1.mzML,SC12,Sample,TF,R1,Yes,Yes
SC12_TF_R2.mzML,SC12,Sample,TF,R2,Yes,Yes
SC12_TF_R3.mzML,SC12,Sample,TF,R3,Yes,Yes
SC13_T1_R1.mzML,SC13,Sample,T1,R1,No,Yes
SC13_T1_R2.mzML,SC13,Sample,T1,R2,No,Yes
SC13_T1_R3.mzML,SC13,Sample,T1,R3,No,Yes
SC13_T2_R1.mzML,SC13,Sample,T2,R1,No,Yes
SC13_T2_R2.mzML,SC13,Sample,T2,R2,No,Yes
SC13_T2_R3.mzML,SC13,Sample,T2,R3,No,Yes
SC13_T3_R1.mzML,SC13,Sample,T3,R1,No,Yes
SC13_T3_R2.mzML,SC13,Sample,T3,R2,No,Yes
SC13_T3_R3.mzML,SC13,Sample,T3,R3,No,Yes
SC13_TF_R1.mzML,SC13,Sample,TF,R1,Yes,Yes
SC13_TF_R2.mzML,SC13,Sample,TF,R2,Yes,Yes
SC13_TF_R3.mzML,SC13,Sample,TF,R3,Yes,Yes
SC14_T1_R1.mzML,SC14,Sample,T1,R1,No,Yes
SC14_T1_R2.mzML,SC14,Sample,T1,R2,No,Yes
SC14_T1_R3.mzML,SC14,Sample,T1,R3,No,Yes
SC14_T2_R1.mzML,SC14,Sample,T2,R1,No,Yes
SC14_T2_R2.mzML,SC14,Sample,T2,R2,No,Yes
SC14_T2_R3.mzML,SC14,Sample,T2,R3,No,Yes
SC14_T3_R1.mzML,SC14,Sample,T3,R1,No,Yes
SC14_T3_R2.mzML,SC14,Sample,T3,R2,No,Yes
SC14_T3_R3.mzML,SC14,Sample,T3,R3,No,Yes
SC14_TF_R1.mzML,SC14,Sample,TF,R1,Yes,Yes
SC14_TF_R2.mzML,SC14,Sample,TF,R2,Yes,Yes
SC14_TF_R3.mzML,SC14,Sample,TF,R3,Yes,Yes
SC19_T1_R1.mzML,SC19,Sample,T1,R1,No,Yes
SC19_T1_R2.mzML,SC19,Sample,T1,R2,No,Yes
SC19_T1_R3.mzML,SC19,Sample,T1,R3,No,Yes
SC19_T2_R1.mzML,SC19,Sample,T2,R1,No,Yes
SC19_T2_R2.mzML,SC19,Sample,T2,R2,No,Yes
SC19_T2_R3.mzML,SC19,Sample,T2,R3,No,Yes
SC19_T3_R1.mzML,SC19,Sample,T3,R1,No,Yes
SC19_T3_R2.mzML,SC19,Sample,T3,R2,No,Yes
SC19_T3_R3.mzML,SC19,Sample,T3,R3,No,Yes
SC19_TF_R1.mzML,SC19,Sample,TF,R1,Yes,Yes
SC19_TF_R2.mzML,SC19,Sample,TF,R2,Yes,Yes
SC19_TF_R3.mzML,SC19,Sample,TF,R3,Yes,Yes
SC22_T1_R1.mzML,SC22,Sample,T1,R1,No,Yes
SC22_T1_R2.mzML,SC22,Sample,T1,R2,No,Yes
SC22_T1_R3.mzML,SC22,Sample,T1,R3,No,Yes
SC22_T2_R1.mzML,SC22,Sample,T2,R1,No,Yes
SC22_T2_R2.mzML,SC22,Sample,T2,R2,No,Yes
SC22_T2_R3.mzML,SC22,Sample,T2,R3,No,Yes
SC22_T3_R1.mzML,SC22,Sample,T3,R1,No,Yes
SC22_T3_R2.mzML,SC22,Sample,T3,R2,No,Yes
SC22_T3_R3.mzML,SC22,Sample,T3,R3,No,Yes
SC22_TF_R1.mzML,SC22,Sample,TF,R1,Yes,Yes
SC22_TF_R2.mzML,SC22,Sample,TF,R2,Yes,Yes
SC22_TF_R3.mzML,SC22,Sample,TF,R3,Yes,Yes
SC23_T1_R1.mzML,SC23,Sample,T1,R1,No,Yes
SC23_T1_R2.mzML,SC23,Sample,T1,R2,No,Yes
SC23_T1_R3.mzML,SC23,Sample,T1,R3,No,Yes
SC23_T2_R1.mzML,SC23,Sample,T2,R1,No,Yes
SC23_T2_R2.mzML,SC23,Sample,T2,R2,No,Yes
SC23_T2_R3.mzML,SC23,Sample,T2,R3,No,Yes
SC23_T3_R1.mzML,SC23,Sample,T3,R1,No,Yes
SC23_T3_R2.mzML,SC23,Sample,T3,R2,No,Yes
SC23_T3_R3.mzML,SC23,Sample,T3,R3,No,Yes
SC23_TF_R1.mzML,SC23,Sample,TF,R1,Yes,Yes
SC23_TF_R2.mzML,SC23,Sample,TF,R2,Yes,Yes
SC23_TF_R3.mzML,SC23,Sample,TF,R3,Yes,Yes
SC24_T1_R1.mzML,SC24,Sample,T1,R1,No,Yes
SC24_T1_R2.mzML,SC24,Sample,T1,R2,No,Yes
SC24_T1_R3.mzML,SC24,Sample,T1,R3,No,Yes
SC24_T2_R1.mzML,SC24,Sample,T2,R1,No,Yes
SC24_T2_R2.mzML,SC24,Sample,T2,R2,No,Yes
SC24_T2_R3.mzML,SC24,Sample,T2,R3,No,Yes
SC24_T3_R1.mzML,SC24,Sample,T3,R1,No,Yes
SC24_T3_R2.mzML,SC24,Sample,T3,R2,No,Yes
SC24_T3_R3.mzML,SC24,Sample,T3,R3,No,Yes
SC24_TF_R1.mzML,SC24,Sample,TF,R1,Yes,Yes
SC24_TF_R2.mzML,SC24,Sample,TF,R2,Yes,Yes
SC24_TF_R3.mzML,SC24,Sample,TF,R3,Yes,Yes
SC25_T1_R1.mzML,SC25,Sample,T1,R1,No,Yes
SC25_T1_R2.mzML,SC25,Sample,T1,R2,No,Yes
SC25_T1_R3.mzML,SC25,Sample,T1,R3,No,Yes
SC25_T2_R1.mzML,SC25,Sample,T2,R1,No,Yes
SC25_T2_R2.mzML,SC25,Sample,T2,R2,No,Yes
SC25_T2_R3.mzML,SC25,Sample,T2,R3,No,Yes
SC25_T3_R1.mzML,SC25,Sample,T3,R1,No,Yes
SC25_T3_R2.mzML,SC25,Sample,T3,R2,No,Yes
SC25_T3_R3.mzML,SC25,Sample,T3,R3,No,Yes
SC25_TF_R1.mzML,SC25,Sample,TF,R1,Yes,Yes
SC25_TF_R2.mzML,SC25,Sample,TF,R2,Yes,Yes
SC25_TF_R3.mzML,SC25,Sample,TF,R3,Yes,Yes
SC27_T1_R1.mzML,SC27,Sample,T1,R1,No,Yes
SC27_T1_R2.mzML,SC27,Sample,T1,R2,No,Yes
SC27_T1_R3.mzML,SC27,Sample,T1,R3,No,Yes
SC27_T2_R1.mzML,SC27,Sample,T2,R1,No,Yes
SC27_T2_R2.mzML,SC27,Sample,T2,R2,No,Yes
SC27_T2_R3.mzML,SC27,Sample,T2,R3,No,Yes
SC27_T3_R1.mzML,SC27,Sample,T3,R1,No,Yes
SC27_T3_R2.mzML,SC27,Sample,T3,R2,No,Yes
SC27_T3_R3.mzML,SC27,Sample,T3,R3,No,Yes
SC27_TF_R1.mzML,SC27,Sample,TF,R1,Yes,Yes
SC27_TF_R2.mzML,SC27,Sample,TF,R2,Yes,Yes
SC27_TF_R3.mzML,SC27,Sample,TF,R3,Yes,Yes
SC31_T1_R1.mzML,SC31,Sample,T1,R1,No,Yes
SC31_T1_R2.mzML,SC31,Sample,T1,R2,No,Yes
SC31_T1_R3.mzML,SC31,Sample,T1,R3,No,Yes
SC31_T2_R1.mzML,SC31,Sample,T2,R1,No,Yes
SC31_T2_R2.mzML,SC31,Sample,T2,R2,No,Yes
SC31_T2_R3.mzML,SC31,Sample,T2,R3,No,Yes
SC31_T3_R1.mzML,SC31,Sample,T3,R1,No,Yes
SC31_T3_R2.mzML,SC31,Sample,T3,R2,No,Yes
SC31_T3_R3.mzML,SC31,Sample,T3,R3,No,Yes
SC31_TF_R1.mzML,SC31,Sample,TF,R1,Yes,Yes
SC31_TF_R2.mzML,SC31,Sample,TF,R2,Yes,Yes
SC31_TF_R3.mzML,SC31,Sample,TF,R3,Yes,Yes
SC34_T1_R1.mzML,SC34,Sample,T1,R1,No,Yes
SC34_T1_R2.mzML,SC34,Sample,T1,R2,No,Yes
SC34_T1_R3.mzML,SC34,Sample,T1,R3,No,Yes
SC34_T2_R1.mzML,SC34,Sample,T2,R1,No,Yes
SC34_T2_R2.mzML,SC34,Sample,T2,R2,No,Yes
SC34_T2_R3.mzML,SC34,Sample,T2,R3,No,Yes
SC34_T3_R1.mzML,SC34,Sample,T3,R1,No,Yes
SC34_T3_R2.mzML,SC34,Sample,T3,R2,No,Yes
SC34_T3_R3.mzML,SC34,Sample,T3,R3,No,Yes
SC34_TF_R1.mzML,SC34,Sample,TF,R1,Yes,Yes
SC34_TF_R2.mzML,SC34,Sample,TF,R2,Yes,Yes
SC34_TF_R3.mzML,SC34,Sample,TF,R3,Yes,Yes
SC4_T1_R1.mzML,SC4,Sample,T1,R1,No,Yes
SC4_T1_R2.mzML,SC4,Sample,T1,R2,No,Yes
SC4_T1_R3.mzML,SC4,Sample,T1,R3,No,Yes
SC4_T2_R1.mzML,SC4,Sample,T2,R1,No,Yes
SC4_T2_R2.mzML,SC4,Sample,T2,R2,No,Yes
SC4_T2_R3.mzML,SC4,Sample,T2,R3,No,Yes
SC4_T3_R1.mzML,SC4,Sample,T3,R1,No,Yes
SC4_T3_R2.mzML,SC4,Sample,T3,R2,No,Yes
SC4_T3_R3.mzML,SC4,Sample,T3,R3,No,Yes
SC4_TF_R1.mzML,SC4,Sample,TF,R1,Yes,Yes
SC4_TF_R2.mzML,SC4,Sample,TF,R2,Yes,Yes
SC4_TF_R3.mzML,SC4,Sample,TF,R3,Yes,Yes
SC39_T1_R1.mzML,SC39,Sample,T1,R1,No,Yes
SC39_T1_R2.mzML,SC39,Sample,T1,R2,No,Yes
SC39_T1_R3.mzML,SC39,Sample,T1,R3,No,Yes
SC39_T2_R1.mzML,SC39,Sample,T2,R1,No,Yes
SC39_T2_R2.mzML,SC39,Sample,T2,R2,No,Yes
SC39_T2_R3.mzML,SC39,Sample,T2,R3,No,Yes
SC39_T3_R1.mzML,SC39,Sample,T3,R1,No,Yes
SC39_T3_R2.mzML,SC39,Sample,T3,R2,No,Yes
SC39_T3_R3.mzML,SC39,Sample,T3,R3,No,Yes
SC39_TF_R1.mzML,SC39,Sample,TF,R1,Yes,Yes
SC39_TF_R2.mzML,SC39,Sample,TF,R2,Yes,Yes
SC39_TF_R3.mzML,SC39,Sample,TF,R3,Yes,Yes
SC40_T1_R1.mzML,SC40,Sample,T1,R1,No,Yes
SC40_T1_R2.mzML,SC40,Sample,T1,R2,No,Yes
SC40_T1_R3.mzML,SC40,Sample,T1,R3,No,Yes
SC40_T2_R1.mzML,SC40,Sample,T2,R1,No,Yes
SC40_T2_R2.mzML,SC40,Sample,T2,R2,No,Yes
SC40_T2_R3.mzML,SC40,Sample,T2,R3,No,Yes
SC40_T3_R1.mzML,SC40,Sample,T3,R1,No,Yes
SC40_T3_R2.mzML,SC40,Sample,T3,R2,No,Yes
SC40_T3_R3.mzML,SC40,Sample,T3,R3,No,Yes
SC40_TF_R1.mzML,SC40,Sample,TF,R1,Yes,Yes
SC40_TF_R2.mzML,SC40,Sample,TF,R2,Yes,Yes
SC40_TF_R3.mzML,SC40,Sample,TF,R3,Yes,Yes
SC44_T1_R1.mzML,SC44,Sample,T1,R1,No,Yes
SC44_T1_R2.mzML,SC44,Sample,T1,R2,No,Yes
SC44_T1_R3.mzML,SC44,Sample,T1,R3,No,Yes
SC44_T2_R1.mzML,SC44,Sample,T2,R1,No,Yes
SC44_T2_R2.mzML,SC44,Sample,T2,R2,No,Yes
SC44_T2_R3.mzML,SC44,Sample,T2,R3,No,Yes
SC44_T3_R1.mzML,SC44,Sample,T3,R1,No,Yes
SC44_T3_R2.mzML,SC44,Sample,T3,R2,No,Yes
SC44_T3_R3.mzML,SC44,Sample,T3,R3,No,Yes
SC44_TF_R1.mzML,SC44,Sample,TF,R1,Yes,Yes
SC44_TF_R2.mzML,SC44,Sample,TF,R2,Yes,Yes
SC44_TF_R3.mzML,SC44,Sample,TF,R3,Yes,Yes
SC50_T1_R1.mzML,SC50,Sample,T1,R1,No,Yes
SC50_T1_R2.mzML,SC50,Sample,T1,R2,No,Yes
SC50_T1_R3.mzML,SC50,Sample,T1,R3,No,Yes
SC50_T2_R1.mzML,SC50,Sample,T2,R1,No,Yes
SC50_T2_R2.mzML,SC50,Sample,T2,R2,No,Yes
SC50_T2_R3.mzML,SC50,Sample,T2,R3,No,Yes
SC50_T3_R1.mzML,SC50,Sample,T3,R1,No,Yes
SC50_T3_R2.mzML,SC50,Sample,T3,R2,No,Yes
SC50_T3_R3.mzML,SC50,Sample,T3,R3,No,Yes
SC50_TF_R1.mzML,SC50,Sample,TF,R1,Yes,Yes
SC50_TF_R2.mzML,SC50,Sample,TF,R2,Yes,Yes
SC50_TF_R3.mzML,SC50,Sample,TF,R3,Yes,Yes
SC7_T1_R1.mzML,SC7,Sample,T1,R1,No,Yes
SC7_T1_R2.mzML,SC7,Sample,T1,R2,No,Yes
SC7_T1_R3.mzML,SC7,Sample,T1,R3,No,Yes
SC7_T2_R1.mzML,SC7,Sample,T2,R1,No,Yes
SC7_T2_R2.mzML,SC7,Sample,T2,R2,No,Yes
SC7_T2_R3.mzML,SC7,Sample,T2,R3,No,Yes
SC7_T3_R1.mzML,SC7,Sample,T3,R1,No,Yes
SC7_T3_R2.mzML,SC7,Sample,T3,R2,No,Yes
SC7_T3_R3.mzML,SC7,Sample,T3,R3,No,Yes
SC7_TF_R1.mzML,SC7,Sample,TF,R1,Yes,Yes
SC7_TF_R2.mzML,SC7,Sample,TF,R2,Yes,Yes
SC7_TF_R3.mzML,SC7,Sample,TF,R3,Yes,Yes
SC9_T1_R1.mzML,SC9,Sample,T1,R1,No,Yes
SC9_T1_R2.mzML,SC9,Sample,T1,R2,No,Yes
SC9_T1_R3.mzML,SC9,Sample,T1,R3,No,Yes
SC9_T2_R1.mzML,SC9,Sample,T2,R1,No,Yes
SC9_T2_R2.mzML,SC9,Sample,T2,R2,No,Yes
SC9_T2_R3.mzML,SC9,Sample,T2,R3,No,Yes
SC9_T3_R1.mzML,SC9,Sample,T3,R1,No,Yes
SC9_T3_R2.mzML,SC9,Sample,T3,R2,No,Yes
SC9_T3_R3.mzML,SC9,Sample,T3,R3,No,Yes
SC9_TF_R1.mzML,SC9,Sample,TF,R1,Yes,Yes
SC9_TF_R2.mzML,SC9,Sample,TF,R2,Yes,Yes
SC9_TF_R3.mzML,SC9,Sample,TF,R3,Yes,Yes
