Metabolite,logFC,AveExpr,t,P.Value,adj.P.Val,B,Contrast,TargetCluster
X5936_151.146_4.565_nan,11.572917258640796,25.795828224668004,13.048577142750327,7.502437583197212e-28,3.8074870734725854e-24,50.773718265226364,1_vs_rest,1
X984_218.139_0.326_3.hydroxypentanoyl.leucine..M.H..,11.219437437014106,26.928942573562576,11.972965186890775,1.0620781307339124e-24,2.6950232567373026e-21,44.04301296129783,1_vs_rest,1
X5931_301.285_4.562_nan,11.266280336321392,26.658589161981233,11.334968475655455,7.639427704997584e-23,9.692523900715686e-20,40.062633536999186,1_vs_rest,1
X1702_226.069_0.392_nan,10.386637366999073,26.795946662296586,11.3537480795817,6.739100406296604e-23,9.692523900715686e-20,40.17950289588696,1_vs_rest,1
X9114_331.284_9.109_Spectral.Match.to.1.Hexadecanoyl.sn.glycerol.from.NIST14,9.068602569324064,25.402522419600416,11.281454786686533,1.091862775646109e-22,1.1082407172808006e-19,39.72972940170666,1_vs_rest,1
X2566_431.214_0.533_nan,10.411686673508395,26.687949291054228,11.116767758932774,3.271580438203898e-22,2.7672117873141304e-19,38.706446319897246,1_vs_rest,1
X5571_284.118_3.709_nan,10.424465954445283,25.73321190678506,11.071296172105479,4.427297311655762e-22,3.209790550950428e-19,38.424257850599744,1_vs_rest,1
X9110_529.298_9.108_.2S_3S_4S_5R_6R..6..3.benzoyloxy.2.hydroxypropoxy..3_4_5.trihydroxyoxane.2.carboxylic.acid,9.11880856285343,25.150636349218065,10.923332523856606,1.182984653829974e-21,7.504558897733898e-19,37.507170283927856,1_vs_rest,1
X9115_524.343_9.108_Spectral.Match.to.1.Hexadecanoyl.sn.glycerol.from.NIST14,9.100935866270483,25.312118289215483,10.501875606004145,1.9165177834132384e-20,8.842116137111077e-18,34.90610357984185,1_vs_rest,1
X5014_235.098_2.452_nan,10.1623178756278,25.351782849012974,10.2935435522329,7.525102523119622e-20,3.074543975997626e-17,33.6275464451517,1_vs_rest,1
X1419_276.164_0.37_nan,9.757961060985897,25.999348766182923,10.286590577302924,7.875679150338746e-20,3.074543975997626e-17,33.5849677955328,1_vs_rest,1
X2445_232.155_0.501_2..3.carboxypropanoylamino..3.methylpentanoic.acid.CollisionEnergy.102040,10.592972823543384,26.850544966578717,10.153433555190828,1.880927502639343e-19,6.36380471726311e-17,32.77076807273297,1_vs_rest,1
X6115_231.059_4.973_Z4639971294,9.622229247000247,25.857253122338776,10.123612550227246,2.2849388438134144e-19,7.247540395220674e-17,32.58875445615344,1_vs_rest,1
X8512_321.251_8.585_nan,9.773153079391575,25.45289105680411,9.934498520115376,7.820447329272523e-19,2.2049316775587808e-16,31.437467954306328,1_vs_rest,1
X6113_144.045_4.973_nan,9.137644257833607,25.05631922884942,9.894248793928131,1.0153313572569798e-18,2.7120034937258804e-16,31.193128745794105,1_vs_rest,1
X3373_222.062_0.793_nan,10.376776419379036,27.20650361382869,9.864950627541116,1.2275944273380997e-18,3.115020859370428e-16,31.01543113444562,1_vs_rest,1
X2030_318.202_0.422_nan,10.408642734644854,26.86610977124824,9.748773157923624,2.601970067263866e-18,6.002271859710964e-16,30.31215765659215,1_vs_rest,1
X7542_297.254_7.115_nan,9.311649052388741,25.157825376540405,9.755255025851808,2.4953377531021872e-18,6.002271859710964e-16,30.351336837558875,1_vs_rest,1
X9108_489.306_9.108_Spectral.Match.to.1.Hexadecanoyl.sn.glycerol.from.NIST14,8.276523658381098,24.92797547824463,9.640745751832794,5.2197551408350664e-18,1.1517503191190417e-15,29.660244961765017,1_vs_rest,1
X8516_299.269_8.585_nan,9.568308545700038,25.09166765851173,9.547412402573867,9.507244501426065e-18,2.0103860768640533e-15,29.09865286271674,1_vs_rest,1
X4616_130.065_1.836_nan,9.533229431836416,25.693944795994696,9.480058619779458,1.463822880665153e-17,2.9715604477502602e-15,28.694366637519757,1_vs_rest,1
X6601_324.301_6.039_nan,8.724036780026303,24.694153066773637,8.877335104190358,6.651191410568054e-16,1.2055284431654597e-13,25.117404929090625,1_vs_rest,1
X6433_258.243_5.678_nan,8.408122032301886,24.69888827929433,8.75710316229932,1.4088126021908472e-15,2.4654220538339824e-13,24.413595647178223,1_vs_rest,1
X1680_140.071_0.389_nan,8.73710637549603,25.54366971984393,8.744946191579778,1.5195601246725509e-15,2.5705892109043984e-13,24.342628307625244,1_vs_rest,1
X4608_190.108_1.805_.alpha..Aminoadipic.acid...40.0.eV,10.04142421814819,25.98580109764724,8.574921801927745,4.360144607542833e-15,7.137978672025767e-13,23.35401725233194,1_vs_rest,1
X944_355.153_0.325_3.hydroxypentanoyl.leucine..M.H..,7.556056194626503,32.200430671466265,9.298635561875722,4.6584815192823766e-17,1.182089685517903e-13,27.72008667815405,2_vs_rest,2
X1626_351.176_0.373_nan,8.508050581557313,30.125836925363743,8.429777540446938,1.0652842005230555e-14,1.8021057725515022e-11,22.598398031470772,2_vs_rest,2
X1027_182.048_0.328_GLUFOSINATE,7.729216531782889,30.71695640282949,8.209669377971398,4.079100532165778e-14,5.175358800185331e-11,21.332187660500296,2_vs_rest,2
X1021_224.058_0.328_N.Acetyl.DL.methionine.CollisionEnergy.205060,7.26833359192991,30.736805274374774,7.872055820731287,3.1033712390718104e-13,3.1499218076578877e-10,19.4185914568934,2_vs_rest,2
X3286_360.062_0.766_nan,8.959376693661442,28.589248986128176,7.689409632876554,9.151963401605389e-13,7.741035710524558e-10,18.398878937489677,2_vs_rest,2
X12734_541.457_12.41_nan,7.748909388768965,31.502955757705227,7.5531560790265315,2.034547565864466e-12,1.2906661120952707e-9,17.645733615995702,2_vs_rest,2
X390_220.118_0.299_nan,7.424893403536322,31.52508321965194,7.571953631105562,1.8229749487413246e-12,1.2906661120952707e-9,17.749242809184832,2_vs_rest,2
X1603_381.187_0.385_nan,8.79481853237642,29.063921535384868,7.451166953176873,3.682863553762079e-12,2.0767258372602833e-9,17.0863789680488,2_vs_rest,2
X1580_156.102_0.381_nan,8.383575957929885,29.760592247890813,7.3302469056237864,7.404087212495674e-12,3.415976600310504e-9,16.428231842564845,2_vs_rest,2
X1432_269.111_0.368_nan,7.755429133007993,31.21042534286022,7.128330714397255,2.3454715074040993e-11,9.156359923135233e-9,15.341872216876553,2_vs_rest,2
X11956_573.449_10.342_nan,7.554250037702259,30.206907671147878,6.891482221545296,8.874909049319792e-11,2.8150102140811214e-8,14.088697783021981,2_vs_rest,2
X12759_541.457_12.537_nan,7.346880425890786,31.910379121678048,6.8529065262525,1.0997391875196252e-10,3.2830449274482923e-8,13.886839473835778,2_vs_rest,2
X462_304.15_0.307_nan,5.904732968269826,32.37648660442706,6.806992593649998,1.4182598557344445e-10,3.998704871029059e-8,13.647423781902262,2_vs_rest,2
X12112_551.466_10.397_nan,7.485978673929079,27.09531603757116,6.738122982183955,2.073381161471359e-10,5.538110207614288e-8,13.290043937153449,2_vs_rest,2
X11953_549.45_10.306_nan,7.431150231060537,29.732400503961767,6.6817173896530155,2.8252396724078927e-10,7.169045668735027e-8,12.99891644712267,2_vs_rest,2
X12109_503.407_10.433_nan,7.238960651422621,29.69428207705315,6.430375236714115,1.1014580564371537e-9,2.5408634710993435e-7,11.719397029861753,2_vs_rest,2
X8840_1202.368_8.952_nan,8.062337900904714,26.59502692292612,6.30577118368893,2.1379956164273095e-9,4.058712584687812e-7,11.0961700090417,2_vs_rest,2
X1540_249.134_0.375_nan,6.879456473610373,31.505898827780417,6.29038150075043,2.3192643341073213e-9,4.058712584687812e-7,11.01972157956752,2_vs_rest,2
X3287_395.203_0.768_nan,7.9207120928072,28.935079435085818,6.242715698530058,2.9818817540583886e-9,5.044349967282107e-7,10.78368434952155,2_vs_rest,2
X7814_559.432_7.374_Candidate.Lysine.C18.2..delta.mass.262.2291.,7.1782787798052805,28.8249719030057,6.21826328692045,3.390671334322234e-9,5.550857103769464e-7,10.66303678340726,2_vs_rest,2
X1571_525.125_0.377_nan,8.120152624452578,27.48445561957048,6.170185499681702,4.361178462924701e-9,6.706963848285714e-7,10.426697447822633,2_vs_rest,2
X8838_1202.118_8.948_nan,6.857403742460749,25.786149999972846,6.103118007108906,6.183570896870572e-9,8.96617780046233e-7,10.098966691607671,2_vs_rest,2
X222_211.069_0.29_nan,6.630704509818809,30.538948030446612,6.030192597616112,9.01502667416678e-9,1.2365205505782814e-6,9.74523315758568,2_vs_rest,2
X11982_455.409_10.347_Spectral.Match.to.13.Docosenamide_..Z...from.NIST14,7.009445151798216,29.960402805249196,6.00416191065687,1.0306606629481001e-8,1.3764744380162127e-6,9.619637524638605,2_vs_rest,2
X8922_320.256_8.989_nan,6.747333987730233,31.475374433048223,5.918187008489582,1.599777215427538e-8,2.0297173420736887e-6,9.207351095113324,2_vs_rest,2
X894_232.118_0.32_L.glutamic.acid,9.313217278153765,28.128533644101562,6.051558201827153,8.074646987007932e-9,3.4569424299434746e-5,9.651161891858132,3_vs_rest,3
X315_231.145_0.294_Arg.C4.0,6.96965904240496,23.716918473486356,5.79894948461384,2.9242340638004347e-8,4.946829291262402e-5,8.482407509939053,3_vs_rest,3
X1283_266.089_0.345_nan,6.392491282492138,23.246881451428727,5.586274463715725,8.409278088927421e-8,1.0669271575326665e-4,7.524178893819679,3_vs_rest,3
X450_218.103_0.302_nan,7.996686027633476,26.510823262764905,5.274028703095825,3.7829834649186105e-7,2.3998301355577435e-4,6.162295247564092,3_vs_rest,3
X1448_503.113_0.362_nan,5.886490013764899,23.393031304518995,5.100652716656821,8.50224706612952e-7,4.2028780595632396e-4,5.430263833426723,3_vs_rest,3
X966_137.046_0.324_nan,6.611901927081725,30.813196770143303,4.990914292558691,1.4059831408596476e-6,4.4596027749141946e-4,4.976172534352278,3_vs_rest,3
X2656_248.132_0.538_nan,6.518859462812404,23.962243015279363,4.883092872672997,2.287727004434059e-6,5.630754060253747e-4,4.537160781222875,3_vs_rest,3
X1493_481.13_0.37_nan,6.303407365690127,23.95672219506581,4.879008578428051,2.329967197346378e-6,5.630754060253747e-4,4.520672004813035,3_vs_rest,3
X13029_915.563_13.532_nan,5.60829474463711,23.2023457052629,4.909414321124807,2.0327653177947046e-6,5.630754060253747e-4,4.643671739885274,3_vs_rest,3
X1092_281.08_0.337_nan,5.3466914639593455,23.049821243136375,4.886220848813898,2.255879421135205e-6,5.630754060253747e-4,4.549795793880694,3_vs_rest,3
X963_401.117_0.327_nan,5.034661054654002,22.569783335023672,4.885954284643624,2.258576634335406e-6,5.630754060253747e-4,4.54871880926091,3_vs_rest,3
X1856_380.185_0.403_nan,5.285854436986945,22.962944911677713,4.7398982181750675,4.3170623000894075e-6,9.525691814327714e-4,3.9653041583347104,3_vs_rest,3
X3383_281.113_0.801_ASPARTAME,6.370090395623215,23.99675968400073,4.717725524486249,4.7574522761302015e-6,0.0010060029292233656,3.877914690149943,3_vs_rest,3
X2599_201.124_0.536_nan,4.938695573229648,22.90329204718515,4.686387741251605,5.454556947984773e-6,0.001107275060440909,3.7549384449429937,3_vs_rest,3
X4951_665.29_2.351_Spectral.Match.to.Vitamin.B12.from.NIST14,6.544437901031181,26.57612851408616,4.580954125626763,8.599786843444167e-6,0.0015587113653742553,3.345841086038627,3_vs_rest,3
X1290_219.08_0.349_nan,4.478138519576138,22.7183793648327,4.588896325313035,8.311985129143722e-6,0.0015587113653742553,3.3764066722327915,3_vs_rest,3
X1398_460.152_0.359_nan,4.834432692133504,23.488931360857496,4.539883648800328,1.0248029069347348e-5,0.0017934050871357859,3.1884396176462815,3_vs_rest,3
X1218_505.089_0.341_nan,5.164487476121543,22.736727776411612,4.47756387121743,1.3342975883354902e-5,0.0022571867536008705,2.951720848075883,3_vs_rest,3
X863_250.094_0.304_nan,6.196493756418246,26.03766658551885,4.411532865767481,1.7597206045358592e-5,0.002664370309883766,2.7037187966665286,3_vs_rest,3
X1873_173.129_0.412_Candidate.N.acetylputrescine.C2.0..delta.mass.42.0107.,4.984836008734991,22.91274976185997,4.414754369347783,1.7362401649094335e-5,0.002664370309883766,2.715750641580021,3_vs_rest,3
X12429_915.564_11.305_nan,4.385241894529891,22.426098547204557,4.399372749356585,1.851130733577787e-5,0.0026742508726799565,2.658365295731878,3_vs_rest,3
X184_175.108_0.289_nan,6.26629790509962,27.08114631368455,4.376163049181188,2.038417950899385e-5,0.002795938135355238,2.572076222590267,3_vs_rest,3
X1342_265.085_0.351_N.Acetyl.DL.methionine.CollisionEnergy.205060,4.427001859213654,23.20835006326479,4.337489613385935,2.3915508441478153e-5,0.0031939790879079374,2.429103673146466,3_vs_rest,3
X2644_247.129_0.533_3.hydroxypentanoyl.leucine..M.H..,6.9531415284895886,30.607670449692897,4.318171911619366,2.589232479106722e-5,0.003369321751658106,2.3580673153376708,3_vs_rest,3
X8282_672.381_8.281_NCGC00347859.02.2_3.dihydroxypropyl.13.methyltetradecanoate,5.272522259854128,22.694057749213275,4.296893124432039,2.825102767023613e-5,0.0035237795607137253,2.2801134268495016,3_vs_rest,3
